"","match_id","game_mode","dire_score","human_players","lobby_type","engine","radiant_win","radiant_score","player.player_slot","player.ability_upgrades_arr","player.ability_uses","player.actions","player.assists","player.backpack_0","player.backpack_1","player.backpack_2","player.damage","player.damage_inflictor","player.damage_inflictor_received","player.damage_taken","player.deaths","player.denies","player.hero_damage","player.hero_healing","player.hero_hits","player.hero_id","player.item_0","player.item_1","player.item_2","player.item_3","player.item_4","player.item_5","player.item_uses","player.kill_streaks","player.killed","player.killed_by","player.kills","player.kills_log","player.leaver_status","player.level","player.purchase","player.purchase_log","player.rune_pickups","player.runes","player.runes_log","player.tower_damage","player.towers_killed","player.isRadiant","player.win","player.lose","player.kda","player.abandons","player.lane"
"temp",3393069424,1,97,5,4,1,FALSE,7,129,list(c(5015, 5017, 5016, 5015, 5015, 5018, 5015, 5017, 5017, 6009, 5017, 5018, 5016, 5016, 5907, 5016, 5018, 6168)),NA,NA,16,0,0,0,NA,NA,NA,NA,3,8,30659,1079,NA,4,65,135,137,154,143,50,NA,NA,NA,NA,28,NA,0,24,NA,NA,NA,NA,NA,3062,NA,FALSE,1,0,11,0,NA
"temp",3393100973,12,63,10,0,1,FALSE,4,2,list(5015:5016),NA,NA,2,0,0,0,NA,NA,NA,NA,13,0,509,524,NA,4,0,0,0,0,0,0,NA,NA,NA,NA,0,NA,0,3,NA,NA,NA,NA,NA,0,NA,TRUE,0,1,0,0,NA
"temp",3393099678,21,0,2,8,1,TRUE,2,128,list(c(5015, 5017)),NA,NA,0,0,0,0,NA,NA,NA,NA,2,1,295,152,NA,4,13,29,20,0,0,0,NA,NA,NA,NA,0,NA,0,2,NA,NA,NA,NA,NA,0,NA,FALSE,0,1,0,0,NA
"temp",3393097472,2,2,10,0,1,TRUE,2,0,list(c(5016, 5015, 5016)),NA,NA,1,0,0,0,NA,NA,NA,NA,0,0,358,104,NA,4,42,29,86,14,11,16,NA,NA,NA,NA,0,NA,0,3,NA,NA,NA,NA,NA,1033,NA,TRUE,1,0,1,0,NA
"temp",3393096531,20,0,10,0,1,TRUE,31,3,list(c(5042, 5164, 5163, 5164, 5017, 5017, 5016, 5016)),NA,NA,18,0,0,0,NA,NA,NA,NA,3,0,2370,0,NA,4,75,75,75,75,0,0,NA,NA,NA,NA,4,NA,0,4,NA,NA,NA,NA,NA,460,NA,TRUE,1,0,5,0,NA
"temp",3393096249,4,13,10,0,1,FALSE,5,132,list(c(5015, 5017, 5015, 5016, 5015, 5018, 5015, 5017, 5017)),NA,NA,0,0,0,0,NA,NA,NA,NA,1,0,2470,462,NA,4,239,29,0,127,0,0,NA,NA,NA,NA,3,NA,0,9,NA,NA,NA,NA,NA,1417,NA,FALSE,1,0,1,0,NA
"temp",3393096245,22,17,10,7,1,FALSE,2,132,list(c(5015, 5017, 5017, 5016, 5017, 5018)),NA,NA,1,0,0,0,NA,NA,NA,NA,0,0,37,0,NA,4,63,239,182,0,16,0,NA,NA,NA,NA,0,NA,0,6,NA,NA,NA,NA,NA,525,NA,FALSE,1,0,1,0,NA
"temp",3393096186,1,3,5,4,1,FALSE,10,3,list(c(5015, 5017, 5017, 5016, 5017, 5018, 5017, 5015, 5015, 5015, 6009)),NA,NA,0,0,0,0,NA,NA,NA,NA,1,11,6739,0,NA,4,11,71,0,50,0,0,NA,NA,NA,NA,7,NA,1,11,NA,NA,NA,NA,NA,72,NA,TRUE,0,1,3,0,NA
"temp",3393124540,4,1,10,0,1,TRUE,1,2,list(5015),NA,NA,0,0,0,0,NA,NA,NA,NA,0,0,0,0,NA,4,0,11,182,0,0,0,NA,NA,NA,NA,0,NA,0,1,NA,NA,NA,NA,NA,0,NA,TRUE,1,0,0,0,NA
"temp",3393095090,4,11,10,0,1,TRUE,14,130,list(c(5015, 5017, 5016, 5015, 5017, 5018, 5017)),NA,NA,0,0,0,0,NA,NA,NA,NA,5,5,3342,321,NA,4,0,215,63,154,182,0,NA,NA,NA,NA,6,NA,1,7,NA,NA,NA,NA,NA,0,NA,FALSE,0,1,1,0,NA
"temp",3393094707,21,1,2,8,1,TRUE,2,0,list(c(5015, 5017, 5017, 5015, 5017, 5018)),NA,NA,0,0,0,0,NA,NA,NA,NA,1,18,1906,0,NA,4,71,50,11,12,44,0,NA,NA,NA,NA,2,NA,0,6,NA,NA,NA,NA,NA,0,NA,TRUE,1,0,1,0,NA
"temp",3393094041,1,5,5,4,1,TRUE,28,131,list(NULL),NA,NA,2,0,0,0,NA,NA,NA,NA,7,0,3064,567,NA,4,11,0,71,63,75,0,NA,NA,NA,NA,1,NA,NA,6,NA,NA,NA,NA,NA,0,NA,FALSE,0,1,0,0,NA
"temp",3393092515,4,2,10,0,1,TRUE,4,131,list(c(5015, 5017)),NA,NA,0,0,0,0,NA,NA,NA,NA,1,0,0,0,NA,4,0,0,0,0,0,0,NA,NA,NA,NA,0,NA,3,2,NA,NA,NA,NA,NA,0,NA,FALSE,0,1,0,1,NA
"temp",3393089753,1,8,5,4,1,TRUE,30,131,list(NULL),NA,NA,1,0,0,0,NA,NA,NA,NA,3,0,3010,0,NA,4,11,63,71,212,152,0,NA,NA,NA,NA,3,NA,NA,10,NA,NA,NA,NA,NA,0,NA,FALSE,0,1,1,0,NA
"temp",3393089412,22,17,10,0,1,FALSE,10,131,list(c(5015, 5017, 5017, 5015, 5017, 5018, 5017, 5016, 5016, 6405, 5016, 5018, 5016, 5015, 5907, 5015)),NA,NA,1,241,0,71,NA,NA,NA,NA,1,21,12040,0,NA,4,168,36,0,252,212,63,NA,NA,NA,NA,13,NA,0,16,NA,NA,NA,NA,NA,10148,NA,FALSE,1,0,7,0,NA
"temp",3393088863,4,3,10,0,1,TRUE,18,1,list(c(5017, 5015, 5017, 5016, 5016, 5018, 5015, 5016, 5017, 6009, 5017, 5018)),NA,NA,2,11,0,0,NA,NA,NA,NA,1,16,7794,0,NA,4,46,50,152,252,71,143,NA,NA,NA,NA,9,NA,0,12,NA,NA,NA,NA,NA,3547,NA,TRUE,1,0,5,0,NA
"temp",3393088079,3,6,10,7,1,TRUE,7,4,list(c(5015, 5017, 5017, 5016, 5015, 5018, 5017, 5017)),NA,NA,1,0,0,0,NA,NA,NA,NA,1,10,2113,0,NA,4,182,172,11,63,46,0,NA,NA,NA,NA,3,NA,0,8,NA,NA,NA,NA,NA,1865,NA,TRUE,1,0,2,0,NA
"temp",3393087137,18,17,10,0,1,TRUE,20,2,list(c(5015, 5291, 5291, 5015, 5291, 5117, 5291)),NA,NA,0,0,0,0,NA,NA,NA,NA,4,0,164,144,NA,4,0,0,0,0,0,0,NA,NA,NA,NA,0,NA,1,7,NA,NA,NA,NA,NA,170,NA,TRUE,1,0,0,0,NA
"temp",3393117254,22,4,10,0,1,FALSE,0,129,list(c(5015, 5017, 5017, 5015)),NA,NA,1,0,0,0,NA,NA,NA,NA,0,0,365,0,NA,4,0,29,0,239,0,0,NA,NA,NA,NA,0,NA,0,4,NA,NA,NA,NA,NA,0,NA,FALSE,1,0,1,0,NA
"temp",3393087050,22,7,10,0,1,TRUE,32,3,list(c(5015, 5017, 5015, 5016, 5015, 5018, 5016, 5016, 5017, 6009, 5016, 5018, 5017)),NA,NA,6,0,0,0,NA,NA,NA,NA,1,0,1656,0,NA,4,50,182,65,239,137,0,NA,NA,NA,NA,0,NA,0,13,NA,NA,NA,NA,NA,1474,NA,TRUE,1,0,3,0,NA
"temp",3393086418,22,3,10,0,1,TRUE,26,130,list(c(5015, 5017, 5016, 5015, 5017)),NA,NA,1,0,0,0,NA,NA,NA,NA,6,0,3367,562,NA,4,0,4,11,29,182,19,NA,NA,NA,NA,1,NA,3,5,NA,NA,NA,NA,NA,0,NA,FALSE,0,1,0,1,NA
"temp",3393086301,5,2,10,0,1,TRUE,9,131,list(c(5015, 5016, 5015, 5017, 5015, 5018)),NA,NA,0,0,0,0,NA,NA,NA,NA,4,1,964,213,NA,4,29,2,239,0,0,0,NA,NA,NA,NA,1,NA,1,6,NA,NA,NA,NA,NA,0,NA,FALSE,0,1,0,0,NA
"temp",3393084676,22,1,10,7,1,TRUE,7,3,list(c(5015, 5017, 5017, 5015, 5015, 5018, 5015, 5017, 5017, 6405)),NA,NA,0,0,0,0,NA,NA,NA,NA,0,26,4342,0,NA,4,71,34,21,50,212,42,NA,NA,NA,NA,4,NA,0,10,NA,NA,NA,NA,NA,199,NA,TRUE,1,0,4,0,NA
"temp",3393084143,22,33,10,0,1,FALSE,15,4,list(c(5015, 5016, 5017, 5015, 5016, 5018, 5016, 5017, 5015, 6009, 5016, 5018)),NA,NA,3,0,0,0,NA,NA,NA,NA,7,0,8160,1582,NA,4,50,239,154,8,0,0,NA,NA,NA,NA,6,NA,1,12,NA,NA,NA,NA,NA,0,NA,TRUE,0,1,1,0,NA
"temp",3393084124,21,2,2,8,1,FALSE,0,128,list(c(5015, 5017, 5017, 5015, 5017, 5018, 5017, 5015)),NA,NA,0,0,0,0,NA,NA,NA,NA,0,12,2730,0,NA,4,0,11,71,63,0,0,NA,NA,NA,NA,2,NA,0,8,NA,NA,NA,NA,NA,0,NA,FALSE,1,0,2,0,NA
"temp",3393083721,4,6,10,0,1,TRUE,20,132,list(c(5015, 5017, 5015, 5017, 5016, 5018, 5017, 5016, 5016)),NA,NA,0,0,0,0,NA,NA,NA,NA,1,1,1389,0,NA,4,239,50,71,8,25,0,NA,NA,NA,NA,1,NA,1,9,NA,NA,NA,NA,NA,0,NA,FALSE,0,1,0,0,NA
"temp",3393083600,22,14,10,0,1,TRUE,27,1,list(c(5015, 5017, 5015, 5017, 5016, 5018, 5017)),NA,NA,4,0,0,0,NA,NA,NA,NA,3,0,1415,749,NA,4,71,63,0,0,0,0,NA,NA,NA,NA,0,NA,0,7,NA,NA,NA,NA,NA,0,NA,TRUE,1,0,1,0,NA
"temp",3393082426,22,19,10,0,1,FALSE,1,2,list(c(5015, 5017, 5015, 5016, 5017, 5018, 5017)),NA,NA,0,0,0,0,NA,NA,NA,NA,2,2,842,448,NA,4,239,63,19,182,4,0,NA,NA,NA,NA,0,NA,1,7,NA,NA,NA,NA,NA,0,NA,TRUE,0,1,0,0,NA
"temp",3393081093,3,7,10,0,1,TRUE,6,131,list(5017),NA,NA,0,0,0,0,NA,NA,NA,NA,0,0,0,0,NA,4,0,0,0,0,0,0,NA,NA,NA,NA,0,NA,0,1,NA,NA,NA,NA,NA,0,NA,FALSE,0,1,0,0,NA
"temp",3393080808,4,10,10,0,1,TRUE,49,0,list(c(5016, 5015, 5017, 5017, 5017, 5018, 5017, 5015, 5015, 5016, 5016, 5018, 5016)),NA,NA,14,0,0,0,NA,NA,NA,NA,2,3,8148,0,NA,4,50,0,182,0,127,0,NA,NA,NA,NA,7,NA,0,13,NA,NA,NA,NA,NA,1053,NA,TRUE,1,0,7,0,NA
"temp",3393080672,4,12,10,0,1,TRUE,54,130,list(c(5015, 5017, 5016, 5016, 5017, 5018, 5015, 5017, 6009, 5017, 5016)),NA,NA,2,0,0,0,NA,NA,NA,NA,13,4,5604,91,NA,4,71,63,170,0,0,0,NA,NA,NA,NA,3,NA,0,11,NA,NA,NA,NA,NA,33,NA,FALSE,0,1,0,0,NA
"temp",3393080251,4,30,10,0,1,FALSE,10,4,list(c(5015, 5017, 5015, 5017, 5017, 5018, 5017, 5016, 5016, 6009, 5016)),NA,NA,2,0,0,0,NA,NA,NA,NA,7,11,7981,1178,NA,4,50,239,252,182,56,0,NA,NA,NA,NA,3,NA,0,11,NA,NA,NA,NA,NA,0,NA,TRUE,0,1,0,0,NA
"temp",3393079816,22,4,10,0,1,FALSE,1,3,list(c(5015, 5017, 5015, 5017)),NA,NA,0,0,0,0,NA,NA,NA,NA,2,0,467,159,NA,4,0,18,41,63,71,0,NA,NA,NA,NA,1,NA,2,4,NA,NA,NA,NA,NA,0,NA,TRUE,0,1,0,1,NA
"temp",3393079091,22,5,10,0,1,FALSE,2,131,list(c(5015, 5017, 5016, 5015)),NA,NA,0,0,0,0,NA,NA,NA,NA,0,5,451,0,NA,4,34,44,71,11,0,0,NA,NA,NA,NA,0,NA,0,4,NA,NA,NA,NA,NA,101,NA,FALSE,1,0,0,0,NA
"temp",3393078259,3,10,10,7,1,TRUE,33,132,list(c(5015, 5017, 5016, 5016, 5017, 5018, 5017, 5015, 5017, 6009, 5018, 5016)),NA,NA,4,0,0,0,NA,NA,NA,NA,9,0,9428,559,NA,4,63,127,11,46,244,182,NA,NA,NA,NA,3,NA,0,12,NA,NA,NA,NA,NA,254,NA,FALSE,0,1,0,0,NA
"temp",3393078158,1,49,5,4,1,FALSE,10,3,list(NULL),NA,NA,1,0,0,0,NA,NA,NA,NA,13,0,3372,349,NA,4,11,63,71,212,0,0,NA,NA,NA,NA,0,NA,NA,8,NA,NA,NA,NA,NA,0,NA,TRUE,0,1,0,0,NA
"temp",3393115660,5,0,10,0,1,TRUE,3,132,list(5016:5017),NA,NA,0,0,0,0,NA,NA,NA,NA,1,0,72,0,NA,4,0,0,0,0,0,0,NA,NA,NA,NA,0,NA,0,2,NA,NA,NA,NA,NA,0,NA,FALSE,0,1,0,0,NA
"temp",3393078099,22,14,10,0,1,TRUE,34,130,list(c(5015, 5016, 5015, 5017, 5017, 5018, 5016, 5015, 5017, 5015)),NA,NA,5,0,0,0,NA,NA,NA,NA,7,0,5996,0,NA,4,239,63,71,154,0,42,NA,NA,NA,NA,4,NA,1,12,NA,NA,NA,NA,NA,0,NA,FALSE,0,1,1,0,NA
"temp",3393077506,4,32,10,0,1,FALSE,12,132,list(c(5017, 5016, 5015, 5017, 5016, 5018, 5017, 5016, 5015, 6009, 5015, 5018)),NA,NA,8,0,0,0,NA,NA,NA,NA,4,7,12010,133,NA,4,0,182,104,63,154,0,NA,NA,NA,NA,12,NA,0,12,NA,NA,NA,NA,NA,1475,NA,FALSE,1,0,4,0,NA
"temp",3393076981,1,15,5,4,1,TRUE,73,131,list(NULL),NA,NA,3,0,0,0,NA,NA,NA,NA,17,0,3314,497,NA,4,11,63,71,212,0,0,NA,NA,NA,NA,2,NA,NA,8,NA,NA,NA,NA,NA,0,NA,FALSE,0,1,0,0,NA
"temp",3393075963,18,29,10,0,1,FALSE,5,3,list(c(5265, 5151, 5083, 5151, 5151, 5360, 5151, 5265)),NA,NA,1,0,0,0,NA,NA,NA,NA,4,1,1940,0,NA,4,39,25,239,63,182,0,NA,NA,NA,NA,2,NA,1,8,NA,NA,NA,NA,NA,34,NA,TRUE,0,1,0,0,NA
"temp",3393075642,22,18,10,7,1,TRUE,39,0,list(c(5015, 5016, 5017, 5015, 5016, 5018, 5016, 5015, 5017, 6009, 5016, 5018, 5017, 5017, 5907, 5015, 5018)),NA,NA,2,0,0,0,NA,NA,NA,NA,1,0,10374,166,NA,4,239,127,46,63,154,166,NA,NA,NA,NA,8,NA,0,18,NA,NA,NA,NA,NA,1730,NA,TRUE,1,0,5,0,NA
"temp",3393075585,22,41,10,0,1,FALSE,8,129,list(c(5015, 5017, 5016, 5016, 5017, 5018, 5015, 5016, 5017, 5017, 5015, 5018, 6009, 5015)),NA,NA,5,0,0,0,NA,NA,NA,NA,2,5,7991,820,NA,4,11,50,127,154,44,182,NA,NA,NA,NA,8,NA,0,14,NA,NA,NA,NA,NA,1091,NA,FALSE,1,0,4,0,NA
"temp",3393075320,4,25,10,0,1,TRUE,39,129,list(c(5015, 5017, 5017, 5015, 5017, 5018, 5017, 5015, 5015, 6009, 5016, 5018, 5016, 5016, 6356, 5016, 5018)),NA,NA,6,0,0,0,NA,NA,NA,NA,4,0,17080,0,NA,4,239,137,63,170,40,0,NA,NA,NA,NA,10,NA,3,19,NA,NA,NA,NA,NA,62,NA,FALSE,0,1,3,1,NA
"temp",3393113806,4,0,10,0,1,FALSE,0,131,list(5015),NA,NA,0,0,0,0,NA,NA,NA,NA,0,0,0,0,NA,4,11,182,44,16,0,0,NA,NA,NA,NA,0,NA,0,1,NA,NA,NA,NA,NA,0,NA,FALSE,1,0,0,0,NA
"temp",3393075313,21,2,2,8,1,FALSE,1,128,list(c(5015, 5017, 5016, 5015, 5017, 5018)),NA,NA,0,0,0,0,NA,NA,NA,NA,1,6,1698,0,NA,4,44,71,240,39,29,25,NA,NA,NA,NA,2,NA,0,7,NA,NA,NA,NA,NA,54,NA,FALSE,1,0,1,0,NA
"temp",3393075145,1,7,5,4,1,TRUE,53,3,list(NULL),NA,NA,0,0,0,0,NA,NA,NA,NA,2,0,5212,267,NA,4,154,143,0,63,212,152,NA,NA,NA,NA,8,NA,NA,13,NA,NA,NA,NA,NA,3133,NA,TRUE,1,0,2,0,NA
"temp",3393075100,22,41,10,0,1,FALSE,12,128,list(c(5016, 5015, 5017, 5017, 5017, 5018, 5017, 5016, 5016, 6405, 5015, 5018, 5016, 5015, 5907)),NA,NA,7,0,0,0,NA,NA,NA,NA,3,0,9750,0,NA,4,127,182,13,46,63,154,NA,NA,NA,NA,9,NA,0,15,NA,NA,NA,NA,NA,439,NA,FALSE,1,0,4,0,NA
"temp",3393074933,3,19,10,7,1,TRUE,32,4,list(c(5015, 5017, 5017, 5015, 5017, 5018, 5017, 5016, 5015, 6405, 5015, 5018, 5016, 5016, 6356)),NA,NA,10,0,0,0,NA,NA,NA,NA,2,10,9107,681,NA,4,127,137,11,29,46,71,NA,NA,NA,NA,4,NA,0,15,NA,NA,NA,NA,NA,4177,NA,TRUE,1,0,4,0,NA
"temp",3393074837,22,16,10,0,1,FALSE,5,2,list(5017),NA,NA,0,0,0,0,NA,NA,NA,NA,1,0,0,0,NA,4,44,182,11,0,0,0,NA,NA,NA,NA,0,NA,2,2,NA,NA,NA,NA,NA,0,NA,TRUE,0,1,0,1,NA
"temp",3393074201,22,21,10,0,1,FALSE,20,131,list(c(5015, 5017, 5015, 5017, 5015)),NA,NA,0,0,0,0,NA,NA,NA,NA,1,0,751,0,NA,4,239,170,29,0,0,0,NA,NA,NA,NA,1,NA,2,5,NA,NA,NA,NA,NA,0,NA,FALSE,1,0,0,1,NA
"temp",3393073888,22,5,10,7,1,TRUE,26,3,list(c(5015, 5017, 5015, 5016, 5015, 5018, 5017, 5017, 5017, 5015, 6009, 5018, 5016)),NA,NA,2,16,0,0,NA,NA,NA,NA,0,22,3078,309,NA,4,65,11,29,71,193,154,NA,NA,NA,NA,1,NA,0,13,NA,NA,NA,NA,NA,7665,NA,TRUE,1,0,3,0,NA
"temp",3393073515,22,7,10,0,1,TRUE,32,3,list(c(5015, 5017, 5015, 5017, 5017, 5018, 5017, 5015, 5015, 6009, 5016, 5018, 5016)),NA,NA,6,0,0,0,NA,NA,NA,NA,1,0,8113,795,NA,4,239,71,50,152,252,0,NA,NA,NA,NA,6,NA,0,13,NA,NA,NA,NA,NA,801,NA,TRUE,1,0,6,0,NA
"temp",3393112779,5,4,10,0,1,TRUE,4,129,list(c(5015, 5016, 5015)),NA,NA,0,0,0,0,NA,NA,NA,NA,0,0,0,0,NA,4,239,71,46,0,0,0,NA,NA,NA,NA,0,NA,0,3,NA,NA,NA,NA,NA,266,NA,FALSE,0,1,0,0,NA
"temp",3393073485,1,5,5,4,1,TRUE,111,131,list(NULL),NA,NA,4,0,0,0,NA,NA,NA,NA,33,0,3559,1840,NA,4,11,63,71,75,0,0,NA,NA,NA,NA,0,NA,NA,6,NA,NA,NA,NA,NA,0,NA,FALSE,0,1,0,0,NA
"temp",3393073389,22,5,10,0,1,TRUE,94,4,list(c(5015, 5017, 5017, 5015, 5017, 5018, 5017, 5016, 5015, 6009, 5016, 5018)),NA,NA,29,0,0,0,NA,NA,NA,NA,1,4,11629,0,NA,4,239,137,100,0,0,63,NA,NA,NA,NA,18,NA,0,13,NA,NA,NA,NA,NA,1723,NA,TRUE,1,0,23,0,NA
"temp",3393073353,4,10,10,0,1,TRUE,36,0,list(c(5015, 5017, 5017, 5015, 5016, 5018, 5017, 5017, 5015, 6405, 5015, 5018, 5016, 5907, 5016, 5016)),NA,NA,11,0,11,0,NA,NA,NA,NA,2,22,19854,163,NA,4,34,131,63,137,182,147,NA,NA,NA,NA,12,NA,0,17,NA,NA,NA,NA,NA,4671,NA,TRUE,1,0,7,0,NA
"temp",3393073129,3,33,10,7,1,FALSE,15,132,list(c(5015, 5017, 5017, 5015, 5017, 5018, 5017, 5016, 5016, 6405, 5016, 5018, 5016, 5015, 5907, 5015, 5018, 6168)),NA,NA,9,0,0,0,NA,NA,NA,NA,0,42,26826,0,NA,4,154,116,50,182,137,239,NA,NA,NA,NA,18,NA,0,21,NA,NA,NA,NA,NA,9181,NA,FALSE,1,0,27,0,NA
"temp",3393072878,22,7,10,7,1,TRUE,37,2,list(c(5015, 5017, 5015, 5017, 5017, 5018, 5017, 5016, 5016, 6009, 5016, 5018, 5016, 5015, 5907, 5015)),NA,NA,6,0,0,0,NA,NA,NA,NA,1,2,6886,278,NA,4,127,50,239,65,100,46,NA,NA,NA,NA,2,NA,0,16,NA,NA,NA,NA,NA,469,NA,TRUE,1,0,4,0,NA
"temp",3393072786,22,1,10,0,1,TRUE,14,2,list(c(5016, 5015, 5016, 5017, 5016, 5018)),NA,NA,0,0,0,0,NA,NA,NA,NA,1,0,4132,0,NA,4,29,44,162,0,0,0,NA,NA,NA,NA,11,NA,0,6,NA,NA,NA,NA,NA,263,NA,TRUE,1,0,5,0,NA
"temp",3393072739,22,12,10,7,1,TRUE,31,3,list(c(5015, 5017, 5016, 5017, 5017, 5018, 5015, 5016, 5015, 5015, 6009, 5018, 5016, 5017, 5907, 5016, 5018)),NA,NA,5,0,0,0,NA,NA,NA,NA,2,5,16498,286,NA,4,127,48,123,30,125,0,NA,NA,NA,NA,12,NA,0,19,NA,NA,NA,NA,NA,1073,NA,TRUE,1,0,5,0,NA
"temp",3393072640,4,24,10,0,1,TRUE,32,130,list(c(5015, 5017, 5017, 5015, 5017, 5018, 5016, 5017, 5016, 6009, 5015, 5016, 5018, 5016, 5907, 5015, 5018)),NA,NA,7,0,0,0,NA,NA,NA,NA,7,5,28936,352,NA,4,71,127,50,154,143,46,NA,NA,NA,NA,13,NA,1,19,NA,NA,NA,NA,NA,278,NA,FALSE,0,1,2,0,NA
"temp",3393072546,22,32,10,0,1,FALSE,16,4,list(c(5015, 5017, 5017, 5016, 5017, 5018, 5017, 5015, 5015, 6009)),NA,NA,3,0,0,0,NA,NA,NA,NA,9,0,6116,214,NA,4,63,170,21,239,0,0,NA,NA,NA,NA,3,NA,1,13,NA,NA,NA,NA,NA,0,NA,TRUE,0,1,0,0,NA
"temp",3393102768,22,16,10,0,1,FALSE,4,131,list(c(5015, 5017, 5017, 5015, 5017)),NA,NA,0,0,0,0,NA,NA,NA,NA,2,0,0,0,NA,4,239,50,0,0,0,0,NA,NA,NA,NA,0,NA,0,5,NA,NA,NA,NA,NA,849,NA,FALSE,1,0,0,0,NA
"temp",3393072248,22,18,10,0,1,TRUE,65,131,list(c(5016, 5017, 5016, 5017, 5015, 5018, 5017, 5016, 5015, 5017, 5016, 5018, 6009, 5015, 5015, 6356, 5018)),NA,NA,2,0,0,0,NA,NA,NA,NA,12,1,17263,316,NA,4,154,0,0,0,0,63,NA,NA,NA,NA,7,NA,0,19,NA,NA,NA,NA,NA,404,NA,FALSE,0,1,0,0,NA
"temp",3393072046,22,18,10,0,1,TRUE,50,4,list(c(5015, 5017, 5016, 5017, 5017, 5018, 5017, 5015, 5015, 6009, 5015, 5018, 5016, 5016, 5907, 5016, 5018)),NA,NA,7,8,0,0,NA,NA,NA,NA,2,2,21916,0,NA,4,127,63,11,154,137,71,NA,NA,NA,NA,21,NA,0,18,NA,NA,NA,NA,NA,10590,NA,TRUE,1,0,9,0,NA
"temp",3393071781,22,9,10,7,1,TRUE,34,131,list(c(5015, 5017, 5015, 5017, 5016, 5018, 5017, 5017, 5016, 6405, 5016, 5018, 5016)),NA,NA,0,182,182,182,NA,NA,NA,NA,6,1,7083,550,NA,4,71,71,71,71,71,71,NA,NA,NA,NA,5,NA,0,13,NA,NA,NA,NA,NA,22,NA,FALSE,0,1,0,0,NA
"temp",3393071745,1,55,5,4,1,FALSE,13,3,list(NULL),NA,NA,3,0,0,0,NA,NA,NA,NA,11,0,6669,1032,NA,4,0,212,71,63,152,22,NA,NA,NA,NA,3,NA,NA,13,NA,NA,NA,NA,NA,0,NA,TRUE,0,1,0,0,NA
"temp",3393071689,22,7,10,0,1,FALSE,9,2,list(c(5015, 5017, 5016, 5017, 5015)),NA,NA,1,0,0,0,NA,NA,NA,NA,3,2,987,125,NA,4,4,71,29,19,0,0,NA,NA,NA,NA,0,NA,1,5,NA,NA,NA,NA,NA,0,NA,TRUE,0,1,0,0,NA
"temp",3393071651,4,13,10,0,1,FALSE,6,1,list(c(5016, 5017, 5016, 5015, 5017, 5016)),NA,NA,0,0,0,0,NA,NA,NA,NA,3,0,5091,348,NA,4,63,71,11,7,0,0,NA,NA,NA,NA,5,NA,1,6,NA,NA,NA,NA,NA,0,NA,TRUE,0,1,1,0,NA
"temp",3393071438,22,46,10,0,1,FALSE,23,128,list(c(5016, 5015, 5017, 5016, 5016, 5018, 5017, 5017, 5016, 6009, 5017, 5018, 5015, 5015, 5907)),NA,NA,12,0,0,0,NA,NA,NA,NA,4,0,13539,243,NA,4,71,63,147,239,46,0,NA,NA,NA,NA,5,NA,0,15,NA,NA,NA,NA,NA,3071,NA,FALSE,1,0,3,0,NA
"temp",3393071324,22,20,10,7,1,TRUE,37,2,list(c(5015, 5017, 5017, 5015, 5017, 5018, 5017, 5016, 5015, 6009, 5016, 5018, 5016, 5016, 5907, 5015, 5018)),NA,NA,5,46,0,0,NA,NA,NA,NA,1,13,14343,0,NA,4,239,50,152,154,71,137,NA,NA,NA,NA,11,NA,0,18,NA,NA,NA,NA,NA,4808,NA,TRUE,1,0,8,0,NA
"temp",3393102072,22,12,10,0,1,FALSE,0,2,list(c(5016, 5015, 5015, 5016, 5015, 5016)),NA,NA,0,0,0,0,NA,NA,NA,NA,2,0,1200,197,NA,4,11,182,26,25,0,0,NA,NA,NA,NA,0,NA,1,6,NA,NA,NA,NA,NA,0,NA,TRUE,0,1,0,0,NA
"temp",3393071283,22,10,10,7,1,TRUE,40,132,list(c(5015, 5017, 5015, 5017, 5017, 5018, 5016, 5017, 5016, 6405, 5016)),NA,NA,3,0,0,0,NA,NA,NA,NA,4,0,5235,214,NA,4,239,0,116,0,0,50,NA,NA,NA,NA,2,NA,0,11,NA,NA,NA,NA,NA,0,NA,FALSE,0,1,1,0,NA
"temp",3393071134,4,22,10,0,1,TRUE,35,3,list(c(5015, 5016, 5015, 5016, 5017, 5018, 5015)),NA,NA,1,63,0,0,NA,NA,NA,NA,7,0,1533,673,NA,4,44,39,239,20,13,71,NA,NA,NA,NA,0,NA,0,7,NA,NA,NA,NA,NA,549,NA,TRUE,1,0,0,0,NA
"temp",3393071123,22,9,10,0,1,TRUE,31,1,list(c(5015, 5017, 5015, 5017, 5015, 5018, 5016, 5017, 5017, 6009, 5015, 5018, 5016, 5016, 5907)),NA,NA,18,0,0,0,NA,NA,NA,NA,2,2,8066,495,NA,4,239,240,34,50,212,137,NA,NA,NA,NA,3,NA,0,15,NA,NA,NA,NA,NA,3758,NA,TRUE,1,0,7,0,NA
"temp",3393071079,22,28,10,0,1,FALSE,6,129,list(c(5015, 5017, 5015, 5017, 5017, 5018, 5017, 5016, 5015, 6009, 5016, 5018, 5016, 5016, 5907, 5015)),NA,NA,4,239,0,0,NA,NA,NA,NA,2,5,15854,1418,NA,4,50,127,34,137,46,154,NA,NA,NA,NA,12,NA,0,17,NA,NA,NA,NA,NA,5294,NA,FALSE,1,0,5,0,NA
"temp",3393070763,3,29,10,7,1,FALSE,13,130,list(c(5015, 5016, 5015, 5017, 5017, 5018, 5017, 5017, 5016, 5016, 5016, 5018, 5015)),NA,NA,8,0,0,0,NA,NA,NA,NA,4,4,6353,193,NA,4,50,100,102,46,239,71,NA,NA,NA,NA,5,NA,0,13,NA,NA,NA,NA,NA,1290,NA,FALSE,1,0,2,0,NA
"temp",3393070298,4,19,10,0,1,TRUE,47,4,list(c(5016, 5015, 5017, 5015, 5016, 5018, 5016, 5017, 5015, 6009, 5017, 5018, 5016, 5015, 6356, 5017)),NA,NA,11,0,0,0,NA,NA,NA,NA,4,3,8337,2644,NA,4,50,168,25,127,0,0,NA,NA,NA,NA,4,NA,0,16,NA,NA,NA,NA,NA,1460,NA,TRUE,1,0,3,0,NA
"temp",3393070228,22,45,10,0,1,FALSE,15,4,list(c(5016, 5015, 5017, 5016, 5016, 5018, 5015, 5015, 5017, 6009)),NA,NA,4,157,0,0,NA,NA,NA,NA,10,0,9777,117,NA,4,50,182,166,244,237,17,NA,NA,NA,NA,5,NA,1,10,NA,NA,NA,NA,NA,103,NA,TRUE,0,1,0,0,NA
"temp",3393070127,22,17,10,7,1,FALSE,14,3,list(c(5015, 5017, 5015)),NA,NA,0,0,0,0,NA,NA,NA,NA,7,0,2026,0,NA,4,44,29,0,0,0,0,NA,NA,NA,NA,3,NA,1,6,NA,NA,NA,NA,NA,0,NA,TRUE,0,1,0,0,NA
"temp",3393069869,22,8,10,0,1,FALSE,3,131,list(c(5015, 5017, 5015, 5017, 5016, 5018, 5017, 5015, 5016, 5017, 5015)),NA,NA,2,11,0,0,NA,NA,NA,NA,0,8,4061,483,NA,4,63,127,46,16,182,154,NA,NA,NA,NA,1,NA,0,11,NA,NA,NA,NA,NA,3346,NA,FALSE,1,0,3,0,NA
"temp",3393101420,22,2,10,0,1,TRUE,11,2,list(c(5015, 5017, 5015, 5017, 5017, 5018, 5017, 5016, 5015, 6009)),NA,NA,4,0,0,0,NA,NA,NA,NA,0,2,1330,0,NA,4,182,239,170,29,0,28,NA,NA,NA,NA,0,NA,0,10,NA,NA,NA,NA,NA,0,NA,TRUE,1,0,4,0,NA
"temp",3393262132,4,16,10,0,1,TRUE,42,1,list(c(5015, 5017, 5015, 5017, 5015, 5018, 5016, 5017, 5017, 5015, 5016, 5018, 5016, 5016, 6405, 5907, 5018, 6357)),NA,NA,11,11,0,0,NA,NA,NA,NA,2,0,18413,4309,NA,4,0,116,63,154,71,137,NA,NA,NA,NA,15,NA,0,24,NA,NA,NA,NA,NA,2350,NA,TRUE,1,0,8,0,NA
"temp",3393296057,20,0,10,0,1,TRUE,30,128,list(NULL),NA,NA,0,0,0,0,NA,NA,NA,NA,9,0,0,0,NA,4,0,0,0,0,0,0,NA,NA,NA,NA,0,NA,0,3,NA,NA,NA,NA,NA,0,NA,FALSE,0,1,0,0,NA
"temp",3393293705,21,2,2,8,1,FALSE,1,128,list(c(5015, 5016, 5016, 5017, 5017, 5018, 5017, 5016)),NA,NA,0,0,0,0,NA,NA,NA,NA,1,0,2188,155,NA,4,244,29,182,44,57,28,NA,NA,NA,NA,2,NA,0,9,NA,NA,NA,NA,NA,0,NA,FALSE,1,0,1,0,NA
"temp",3393293236,21,0,2,8,1,TRUE,2,0,list(c(5015, 5017, 5015, 5017, 5016, 5018, 5017, 5017)),NA,NA,0,0,0,0,NA,NA,NA,NA,0,13,2368,0,NA,4,50,71,11,36,0,0,NA,NA,NA,NA,2,NA,0,9,NA,NA,NA,NA,NA,41,NA,TRUE,1,0,2,0,NA
"temp",3393291235,21,2,2,8,1,FALSE,1,128,list(c(5015, 5016, 5017, 5015, 5016, 5018, 5016)),NA,NA,0,0,0,0,NA,NA,NA,NA,1,4,1758,0,NA,4,11,71,44,29,265,0,NA,NA,NA,NA,2,NA,0,8,NA,NA,NA,NA,NA,82,NA,FALSE,1,0,1,0,NA
"temp",3393291085,4,2,10,0,1,FALSE,0,0,list(c(5015, 5016, 5015)),NA,NA,0,0,0,0,NA,NA,NA,NA,1,0,551,0,NA,4,0,182,239,0,0,0,NA,NA,NA,NA,0,NA,1,3,NA,NA,NA,NA,NA,0,NA,TRUE,0,1,0,0,NA
"temp",3393290969,3,0,10,7,1,TRUE,2,132,list(NULL),NA,NA,0,0,0,0,NA,NA,NA,NA,0,0,0,0,NA,4,71,0,44,0,0,0,NA,NA,NA,NA,0,NA,1,1,NA,NA,NA,NA,NA,0,NA,FALSE,0,1,0,0,NA
"temp",3393288872,4,1,10,0,1,TRUE,7,130,list(c(5015, 5017)),NA,NA,0,0,0,0,NA,NA,NA,NA,2,0,234,133,NA,4,0,0,0,0,0,0,NA,NA,NA,NA,0,NA,3,2,NA,NA,NA,NA,NA,0,NA,FALSE,0,1,0,1,NA
"temp",3393288203,21,0,2,8,1,TRUE,2,0,list(c(5015, 5017, 5016, 5015)),NA,NA,0,0,0,0,NA,NA,NA,NA,0,0,745,0,NA,4,182,11,44,0,0,0,NA,NA,NA,NA,1,NA,0,4,NA,NA,NA,NA,NA,0,NA,TRUE,1,0,1,0,NA
"temp",3393315074,4,0,10,0,1,FALSE,0,1,list(NULL),NA,NA,0,0,0,0,NA,NA,NA,NA,0,0,0,0,NA,4,0,0,0,0,0,0,NA,NA,NA,NA,0,NA,3,1,NA,NA,NA,NA,NA,0,NA,TRUE,0,1,0,1,NA
"temp",3393284882,4,5,10,0,1,TRUE,12,128,list(c(5017, 5016, 5015, 5016, 5017, 5018, 5015)),NA,NA,0,0,0,0,NA,NA,NA,NA,4,4,1772,414,NA,4,0,0,0,0,0,0,NA,NA,NA,NA,1,NA,1,7,NA,NA,NA,NA,NA,0,NA,FALSE,0,1,0,0,NA
"temp",3393283733,4,8,10,0,1,TRUE,15,2,list(c(5015, 5016, 5016, 5017, 5016, 5018, 5016, 5017, 5015, 6009)),NA,NA,1,0,0,0,NA,NA,NA,NA,3,1,6915,239,NA,4,11,71,29,154,0,0,NA,NA,NA,NA,5,NA,0,10,NA,NA,NA,NA,NA,56,NA,TRUE,1,0,1,0,NA
"temp",3393282392,22,3,10,0,1,TRUE,4,1,list(c(5015, 5016, 5015, 5017, 5017, 5018, 5015)),NA,NA,0,0,0,0,NA,NA,NA,NA,0,0,753,0,NA,4,65,239,40,0,0,0,NA,NA,NA,NA,1,NA,0,7,NA,NA,NA,NA,NA,0,NA,TRUE,1,0,1,0,NA
"temp",3393281507,22,5,10,0,1,FALSE,0,130,list(c(5015, 5017, 5016, 5017, 5017)),NA,NA,0,0,0,0,NA,NA,NA,NA,0,2,0,104,NA,4,4,11,181,29,19,0,NA,NA,NA,NA,0,NA,0,5,NA,NA,NA,NA,NA,0,NA,FALSE,1,0,0,0,NA
"temp",3393281044,4,1,10,0,1,TRUE,10,3,list(c(5015, 5017)),NA,NA,0,0,0,0,NA,NA,NA,NA,0,0,38,0,NA,4,71,44,0,0,0,0,NA,NA,NA,NA,0,NA,0,3,NA,NA,NA,NA,NA,867,NA,TRUE,1,0,0,0,NA
"temp",3393280418,21,2,2,8,1,FALSE,0,128,list(c(5015, 5017, 5017)),NA,NA,0,0,0,0,NA,NA,NA,NA,0,2,871,0,NA,4,44,11,71,2,0,0,NA,NA,NA,NA,2,NA,0,3,NA,NA,NA,NA,NA,0,NA,FALSE,1,0,2,0,NA
"temp",3393279224,21,1,2,8,1,FALSE,1,128,list(c(5015, 5016, 5015, 5017, 5015, 5018)),NA,NA,0,0,0,0,NA,NA,NA,NA,1,3,640,0,NA,4,71,42,29,0,57,0,NA,NA,NA,NA,1,NA,0,6,NA,NA,NA,NA,NA,0,NA,FALSE,1,0,0,0,NA
"temp",3393279222,4,3,10,0,1,FALSE,8,132,list(5015:5016),NA,NA,2,0,0,0,NA,NA,NA,NA,3,1,944,133,NA,4,29,0,239,0,0,182,NA,NA,NA,NA,0,NA,1,5,NA,NA,NA,NA,NA,0,NA,FALSE,1,0,0,0,NA
"temp",3393278925,22,5,10,0,1,TRUE,17,4,list(c(5017, 5015, 5017, 5016, 5016, 5018, 5015, 5016, 5017, 5017, 5016)),NA,NA,4,0,0,0,NA,NA,NA,NA,2,4,8329,250,NA,4,71,67,11,63,0,152,NA,NA,NA,NA,8,NA,0,11,NA,NA,NA,NA,NA,1281,NA,TRUE,1,0,4,0,NA
"temp",3393309083,21,0,2,8,1,TRUE,2,0,list(c(5015, 5016, 5017, 5016, 5016, 5018)),NA,NA,0,0,0,0,NA,NA,NA,NA,0,9,2406,0,NA,4,44,11,71,46,29,265,NA,NA,NA,NA,2,NA,0,7,NA,NA,NA,NA,NA,115,NA,TRUE,1,0,2,0,NA
"temp",3393278255,22,7,10,0,1,FALSE,3,132,list(c(5015, 5017, 5017, 5016, 5017, 5018, 5017, 5016)),NA,NA,0,0,0,0,NA,NA,NA,NA,0,0,664,0,NA,4,182,239,40,50,46,0,NA,NA,NA,NA,1,NA,0,8,NA,NA,NA,NA,NA,0,NA,FALSE,1,0,1,0,NA
"temp",3393278024,22,19,10,0,1,FALSE,5,128,list(c(5015, 5017, 5016, 5017, 5017, 5018, 5016, 5017, 5016)),NA,NA,5,0,0,0,NA,NA,NA,NA,0,1,3249,426,NA,4,239,71,154,50,46,0,NA,NA,NA,NA,0,NA,0,10,NA,NA,NA,NA,NA,989,NA,FALSE,1,0,5,0,NA
"temp",3393275306,22,1,10,0,1,TRUE,8,2,list(c(5015, 5017, 5015, 5016, 5015, 5018, 5017, 5017)),1,0,0,0,0,5,4459,0,4,11,71,0,63,65,0,1,3,list(list(time = c(223, 488, 679), key = c("npc_dota_hero_nevermore", "npc_dota_hero_arc_warden", "npc_dota_hero_arc_warden"))),0,9,list(list(time = c(-89, -89, -89, 98, 98, 141, 160, 261, 385, 387, 387, 387, 393, 450, 591), key = c("quelling_blade", "stout_shield", "tango", "slippers", "slippers", "boots", "poor_mans_shield", "tpscroll", "tpscroll", "gloves", "power_treads", "belt_of_strength", "gloves", "tpscroll", "hand_of_midas"))),2,list(list(time = c(1, 605), key = c(5, 1))),18,0,TRUE,1,0,4,0,7,0,0,48,3,0,0,0,0,0,0.820027597082594,2,2
"temp",3393274965,22,6,10,0,1,TRUE,12,129,list(c(5016, 5015, 5017, 5017, 5017, 5018, 5017, 5016, 5015, 6009)),NA,NA,0,0,161,0,NA,NA,NA,NA,6,1,5702,163,NA,4,71,0,63,170,17,0,NA,NA,NA,NA,4,NA,1,10,NA,NA,NA,NA,NA,0,NA,FALSE,0,1,0,0,NA
"temp",3393273802,4,8,10,0,1,FALSE,7,131,list(c(5015, 5016, 5017, 5015, 5017, 5018, 5016)),NA,NA,1,0,0,0,NA,NA,NA,NA,1,0,1841,0,NA,4,0,182,170,63,11,0,NA,NA,NA,NA,2,NA,0,7,NA,NA,NA,NA,NA,459,NA,FALSE,1,0,1,0,NA
"temp",3393273567,22,1,10,0,1,TRUE,10,132,list(c(5015, 5017, 5015, 5017, 5016, 5018, 5016, 5016, 5016)),NA,NA,0,0,0,0,NA,NA,NA,NA,1,0,298,0,NA,4,100,237,16,65,50,239,NA,NA,NA,NA,0,NA,1,9,NA,NA,NA,NA,NA,0,NA,FALSE,0,1,0,0,NA
"temp",3393272896,4,1,10,0,1,TRUE,6,129,list(c(5015, 5017, 5015, 5017)),NA,NA,0,0,0,0,NA,NA,NA,NA,0,0,357,0,NA,4,63,0,11,0,0,0,NA,NA,NA,NA,0,NA,1,4,NA,NA,NA,NA,NA,0,NA,FALSE,0,1,0,0,NA
"temp",3393307673,4,0,10,0,1,TRUE,13,129,list(c(5016, 5015, 5015, 5016)),NA,NA,0,0,0,0,NA,NA,NA,NA,2,0,0,0,NA,4,0,0,0,0,0,63,NA,NA,NA,NA,0,NA,0,4,NA,NA,NA,NA,NA,241,NA,FALSE,0,1,0,0,NA
"temp",3393272473,22,4,10,7,1,TRUE,25,2,list(c(5015, 5017, 5015, 5017, 5015, 5018, 5015, 5017, 5017, 6009, 5016, 5018, 5016, 5016)),NA,NA,3,182,0,0,NA,NA,NA,NA,3,0,6591,177,NA,4,65,239,152,29,38,202,NA,NA,NA,NA,7,NA,0,14,NA,NA,NA,NA,NA,817,NA,TRUE,1,0,2,0,NA
"temp",3393272427,22,2,10,0,1,TRUE,8,128,list(c(5015, 5017, 5015, 5017, 5017, 5018, 5017, 5015, 5015, 6009)),NA,NA,0,0,0,0,NA,NA,NA,NA,0,1,347,0,NA,4,63,181,182,239,54,0,NA,NA,NA,NA,1,NA,0,10,NA,NA,NA,NA,NA,392,NA,FALSE,0,1,1,0,NA
"temp",3393272264,22,8,10,0,1,TRUE,21,1,list(c(5015, 5017, 5017, 5016, 5017, 5018, 5017, 5015, 5016, 6405, 5015, 5018)),NA,NA,1,0,0,0,NA,NA,NA,NA,1,13,6818,214,NA,4,44,170,100,63,0,71,NA,NA,NA,NA,6,NA,0,12,NA,NA,NA,NA,NA,1518,NA,TRUE,1,0,3,0,NA
"temp",3393271549,4,0,10,0,1,FALSE,0,131,list(NULL),NA,NA,0,0,0,0,NA,NA,NA,NA,0,0,0,0,NA,4,71,237,16,0,0,0,NA,NA,NA,NA,0,NA,0,1,NA,NA,NA,NA,NA,0,NA,FALSE,1,0,0,0,NA
"temp",3393271373,22,9,10,0,1,TRUE,27,1,list(c(5015, 5016, 5017, 5016, 5017, 5018, 5016, 5017, 5016, 6009, 5017)),NA,NA,1,0,0,0,NA,NA,NA,NA,2,0,5199,0,NA,4,0,0,0,0,0,0,NA,NA,NA,NA,6,NA,1,11,NA,NA,NA,NA,NA,0,NA,TRUE,1,0,2,0,NA
"temp",3393271281,1,3,5,4,1,TRUE,80,131,list(NULL),NA,NA,2,0,0,0,NA,NA,NA,NA,27,0,2509,1010,NA,4,11,29,71,25,0,0,NA,NA,NA,NA,0,NA,NA,5,NA,NA,NA,NA,NA,0,NA,FALSE,0,1,0,0,NA
"temp",3393271048,22,8,10,0,1,FALSE,3,128,list(c(5016, 5017, 5015)),NA,NA,0,0,0,0,NA,NA,NA,NA,0,0,462,0,NA,4,2,2,0,0,0,0,NA,NA,NA,NA,0,NA,0,3,NA,NA,NA,NA,NA,0,NA,FALSE,1,0,0,0,NA
"temp",3393271019,22,7,10,0,1,TRUE,7,3,list(c(5015, 5016, 5015, 5017, 5015, 5018, 5017, 5016, 5016, 6009, 5016, 5018, 5017)),NA,NA,5,44,181,0,NA,NA,NA,NA,2,1,4334,2841,NA,4,152,71,40,34,137,63,NA,NA,NA,NA,0,NA,0,14,NA,NA,NA,NA,NA,1234,NA,TRUE,1,0,1,0,NA
"temp",3393270294,22,13,10,0,1,FALSE,8,132,list(c(5015, 5017, 5016, 5017, 5017, 5018, 5017, 5016)),NA,NA,3,0,0,0,NA,NA,NA,NA,3,6,3973,106,NA,4,71,50,0,0,46,127,NA,NA,NA,NA,4,NA,0,8,NA,NA,NA,NA,NA,0,NA,FALSE,1,0,1,0,NA
"temp",3393270089,2,2,10,0,1,FALSE,5,2,list(5015),NA,NA,0,0,0,0,NA,NA,NA,NA,0,0,0,0,NA,4,0,0,0,0,0,0,NA,NA,NA,NA,0,NA,0,1,NA,NA,NA,NA,NA,0,NA,TRUE,0,1,0,0,NA
"temp",3393303908,4,0,10,0,1,TRUE,1,131,list(5015),NA,NA,0,0,0,0,NA,NA,NA,NA,0,0,0,0,NA,4,11,182,0,0,0,0,NA,NA,NA,NA,0,NA,1,1,NA,NA,NA,NA,NA,0,NA,FALSE,0,1,0,0,NA
"temp",3393269757,4,6,10,0,1,TRUE,8,0,list(c(5017, 5016, 5015, 5016, 5015, 5018, 5015)),NA,NA,0,0,0,0,NA,NA,NA,NA,3,0,2262,405,NA,4,63,11,182,46,240,0,NA,NA,NA,NA,0,NA,0,8,NA,NA,NA,NA,NA,0,NA,TRUE,1,0,0,0,NA
"temp",3393269723,22,18,10,7,1,FALSE,4,3,list(c(5015, 5017)),NA,NA,2,0,0,0,NA,NA,NA,NA,3,0,309,0,NA,4,71,0,0,46,0,0,NA,NA,NA,NA,0,NA,1,3,NA,NA,NA,NA,NA,0,NA,TRUE,0,1,0,0,NA
"temp",3393269586,3,8,10,7,1,TRUE,19,4,list(c(5016, 5017, 5016, 5015, 5016, 5018, 5016, 5017, 5017, 5017, 6009, 5018, 5015)),NA,NA,10,0,0,0,NA,NA,NA,NA,4,5,9004,319,NA,4,50,36,38,127,40,170,NA,NA,NA,NA,4,NA,0,13,NA,NA,NA,NA,NA,2299,NA,TRUE,1,0,2,0,NA
"temp",3393269156,22,17,10,0,1,FALSE,6,129,list(c(5015, 5017, 5016, 5015, 5017, 5018, 5016)),NA,NA,3,0,0,0,NA,NA,NA,NA,2,1,2740,0,NA,4,11,71,46,18,50,0,NA,NA,NA,NA,4,NA,0,7,NA,NA,NA,NA,NA,36,NA,FALSE,1,0,2,0,NA
"temp",3393269123,4,12,10,0,1,TRUE,33,130,list(c(5016, 5015, 5016, 5017, 5015, 5018, 5016)),NA,NA,0,148,0,0,NA,NA,NA,NA,8,0,7492,279,NA,4,50,143,2,46,0,0,NA,NA,NA,NA,4,NA,1,7,NA,NA,NA,NA,NA,101,NA,FALSE,0,1,0,0,NA
"temp",3393269031,22,16,10,0,1,FALSE,11,2,list(c(5015, 5016, 5017, 5015)),NA,NA,0,0,0,0,NA,NA,NA,NA,2,0,1161,8,NA,4,241,46,0,241,63,0,NA,NA,NA,NA,0,NA,1,4,NA,NA,NA,NA,NA,0,NA,TRUE,0,1,0,0,NA
"temp",3393268340,22,48,10,7,1,FALSE,18,131,list(c(5015, 5017, 5015, 5016, 5015, 5018, 5017, 5016, 5015, 6009, 5017, 5018, 5016, 5017, 5907, 5016)),NA,NA,13,0,0,0,NA,NA,NA,NA,3,9,17013,660,NA,4,11,127,48,46,154,182,NA,NA,NA,NA,11,NA,0,17,NA,NA,NA,NA,NA,7552,NA,FALSE,1,0,6,0,NA
"temp",3393268253,4,50,10,0,1,FALSE,7,131,list(c(5015, 5017, 5015, 5016, 5015, 5018, 5015, 5016, 5016, 6405, 5016, 5018, 5017, 5017, 6356, 5017, 5018)),NA,NA,11,40,0,0,NA,NA,NA,NA,3,5,21774,1644,NA,4,239,182,216,29,204,232,NA,NA,NA,NA,13,NA,0,18,NA,NA,NA,NA,NA,1788,NA,FALSE,1,0,6,0,NA
"temp",3393268122,2,1,10,0,1,TRUE,6,131,list(c(5017, 5015, 5015, 5017, 5015, 5017, 5015, 5017)),NA,NA,1,0,0,0,NA,NA,NA,NA,0,2,89,1008,NA,4,239,0,216,71,0,162,NA,NA,NA,NA,0,NA,0,8,NA,NA,NA,NA,NA,40,NA,FALSE,0,1,1,0,NA
"temp",3393299284,21,2,2,8,1,FALSE,0,128,list(c(5015, 5016, 5017, 5015, 5017, 5018, 5016, 5017, 5016)),NA,NA,0,44,0,0,NA,NA,NA,NA,0,11,2482,0,NA,4,50,71,36,38,39,237,NA,NA,NA,NA,2,NA,0,10,NA,NA,NA,NA,NA,0,NA,FALSE,1,0,2,0,NA
"temp",3393267960,22,19,10,7,1,TRUE,29,1,list(c(5015, 5017, 5015, 5017, 5016, 5018, 5017, 5017, 5015, 5015, 6009, 5018, 5016, 5016, 5907, 5016)),NA,NA,9,0,0,0,NA,NA,NA,NA,2,6,16838,80,NA,4,152,50,36,0,112,168,NA,NA,NA,NA,14,NA,0,16,NA,NA,NA,NA,NA,7313,NA,TRUE,1,0,7,0,NA
"temp",3393267692,5,13,10,0,1,FALSE,16,131,list(c(5016, 5017, 5016, 5017, 5015, 5018, 5016, 5017, 6009, 5016, 5015, 5018, 5017)),NA,NA,2,0,0,0,NA,NA,NA,NA,3,2,4947,0,NA,4,127,116,11,71,63,0,NA,NA,NA,NA,5,NA,0,13,NA,NA,NA,NA,NA,2191,NA,FALSE,1,0,1,0,NA
"temp",3393267597,4,2,10,0,1,TRUE,8,4,list(c(5015, 5017, 5017, 5015, 5016, 5018, 5017, 5017, 5016, 6009)),NA,NA,0,0,0,0,NA,NA,NA,NA,0,4,3345,0,NA,4,11,71,44,54,16,0,NA,NA,NA,NA,3,NA,0,10,NA,NA,NA,NA,NA,290,NA,TRUE,1,0,3,0,NA
"temp",3393267488,22,9,10,0,1,TRUE,32,2,list(c(5015, 5016, 5017, 5015, 5015, 5018, 5015, 5017, 5016, 6405, 5017, 5018, 5016, 5016, 5907, 5017)),NA,NA,3,0,0,0,NA,NA,NA,NA,2,24,14889,143,NA,4,71,145,170,63,26,0,NA,NA,NA,NA,14,NA,0,16,NA,NA,NA,NA,NA,6018,NA,TRUE,1,0,5,0,NA
"temp",3393267387,22,28,10,0,1,FALSE,12,132,list(c(5015, 5017, 5017, 5016, 5017, 5018, 5017, 5015, 5016, 6009, 5016, 5018, 5016, 5015, 5907)),NA,NA,7,0,0,16,NA,NA,NA,NA,3,28,16481,0,NA,4,48,0,0,174,71,152,NA,NA,NA,NA,10,NA,0,15,NA,NA,NA,NA,NA,3664,NA,FALSE,1,0,4,0,NA
"temp",3393267042,22,17,10,0,1,TRUE,41,0,list(c(5015, 5017, 5015, 5017, 5016, 5018, 5017, 5017, 5015, 6009, 5015, 5018, 5016, 5016, 6356, 5016, 5018, 6357)),NA,NA,6,0,0,0,NA,NA,NA,NA,1,0,10940,0,NA,4,154,65,137,108,50,0,NA,NA,NA,NA,9,NA,0,20,NA,NA,NA,NA,NA,7568,NA,TRUE,1,0,7,0,NA
"temp",3393298822,21,0,2,8,1,TRUE,2,128,list(c(5015, 5017, 5016, 5015, 5017, 5018, 5016)),NA,NA,0,0,0,0,NA,NA,NA,NA,2,2,1317,0,NA,4,29,0,71,237,237,0,NA,NA,NA,NA,0,NA,0,7,NA,NA,NA,NA,NA,0,NA,FALSE,0,1,0,0,NA
"temp",3393266237,1,54,5,4,1,FALSE,7,3,list(NULL),NA,NA,1,0,0,0,NA,NA,NA,NA,6,0,3830,331,NA,4,11,63,71,212,152,0,NA,NA,NA,NA,1,NA,NA,12,NA,NA,NA,NA,NA,0,NA,TRUE,0,1,0,0,NA
"temp",3393265708,4,13,10,0,1,TRUE,48,2,list(c(5015, 5017, 5016, 5016, 5015, 5018, 5017, 5016, 5017, 6009, 5017, 5018, 5015, 5015)),NA,NA,12,0,0,0,NA,NA,NA,NA,1,0,9639,190,NA,4,127,154,11,50,40,0,NA,NA,NA,NA,7,NA,0,14,NA,NA,NA,NA,NA,931,NA,TRUE,1,0,9,0,NA
"temp",3393265617,21,1,2,8,1,TRUE,0,128,list(c(5016, 5015, 5016, 5017, 5015, 5018, 5017, 5016)),NA,NA,0,0,38,0,NA,NA,NA,NA,0,1,1323,0,NA,4,244,29,28,44,0,57,NA,NA,NA,NA,1,NA,0,8,NA,NA,NA,NA,NA,0,NA,FALSE,0,1,1,0,NA
"temp",3393265507,22,54,10,0,1,FALSE,34,1,list(c(5015, 5016, 5017, 5016, 5015, 5017, 5018, 5016, 5016, 6009, 5017, 5018, 5015, 5015, 5907)),NA,NA,11,161,0,0,NA,NA,NA,NA,15,0,11024,486,NA,4,170,50,0,0,143,17,NA,NA,NA,NA,5,NA,0,15,NA,NA,NA,NA,NA,445,NA,TRUE,0,1,1,0,NA
"temp",3393265171,1,17,5,4,1,TRUE,54,3,list(c(5015, 5017, 5015, 5017, 5017, 5018, 5017, 5015, 5015, 6009, 5016, 5018, 5016, 5016, 6356, 5018)),NA,NA,10,46,0,0,NA,NA,NA,NA,6,0,11718,1103,NA,4,239,116,152,182,252,50,NA,NA,NA,NA,11,NA,0,18,NA,NA,NA,NA,NA,1268,NA,TRUE,1,0,3,0,NA
"temp",3393264870,22,7,10,7,1,TRUE,20,2,list(c(5015, 5017, 5017, 5015, 5017, 5018, 5017, 5016, 5016, 6009, 5016, 5018, 5016)),NA,NA,5,0,0,0,NA,NA,NA,NA,2,38,3120,0,NA,4,71,65,63,4,137,19,NA,NA,NA,NA,1,NA,0,13,NA,NA,NA,NA,NA,794,NA,TRUE,1,0,2,0,NA
"temp",3393264567,22,26,10,0,1,FALSE,9,129,list(c(5016, 5015, 5015, 5017, 5016, 5018, 5017, 5017, 5017, 5015, 5016, 5018)),NA,NA,9,0,0,0,NA,NA,NA,NA,1,1,7040,193,NA,4,239,252,71,127,50,0,NA,NA,NA,NA,5,NA,0,12,NA,NA,NA,NA,NA,1916,NA,FALSE,1,0,7,0,NA
"temp",3393264514,22,16,10,7,1,TRUE,39,132,list(c(5015, 5017, 5017, 5015, 5017, 5018, 5016, 5016, 5017, 5016, 5016, 5018, 6405)),NA,NA,4,0,0,0,NA,NA,NA,NA,7,9,9072,1076,NA,4,50,46,11,56,154,182,NA,NA,NA,NA,4,NA,0,13,NA,NA,NA,NA,NA,0,NA,FALSE,0,1,1,0,NA
"temp",3393264491,22,6,10,0,1,FALSE,0,129,list(c(5015, 5017, 5017, 5015, 5017, 5018, 5017)),NA,NA,0,0,0,0,NA,NA,NA,NA,0,15,2591,0,NA,4,50,11,71,44,0,0,NA,NA,NA,NA,3,NA,0,7,NA,NA,NA,NA,NA,293,NA,FALSE,1,0,3,0,NA
"temp",3393264439,1,16,5,4,1,TRUE,74,131,list(NULL),NA,NA,7,0,0,0,NA,NA,NA,NA,12,0,7532,2022,NA,4,170,63,0,212,152,0,NA,NA,NA,NA,6,NA,NA,15,NA,NA,NA,NA,NA,0,NA,FALSE,0,1,1,0,NA
"temp",3393264304,4,23,10,0,1,FALSE,16,128,list(c(5015, 5016, 5017, 5017, 5015, 5018, 5015, 5015, 5016, 5016, 5017, 5018, 5017, 6009, 5907)),NA,NA,3,0,0,0,NA,NA,NA,NA,6,7,16020,822,NA,4,158,0,71,63,154,77,NA,NA,NA,NA,12,NA,0,15,NA,NA,NA,NA,NA,4561,NA,FALSE,1,0,2,0,NA
"temp",3393264276,22,37,10,0,1,FALSE,22,130,list(c(5015, 5017, 5015, 5017, 5017, 5018, 5017, 5016, 5016, 6009, 5016, 5018)),NA,NA,4,0,0,0,NA,NA,NA,NA,6,0,10830,491,NA,4,0,252,50,154,0,239,NA,NA,NA,NA,8,NA,0,12,NA,NA,NA,NA,NA,1436,NA,FALSE,1,0,1,0,NA
"temp",3393263933,22,6,10,0,1,TRUE,12,4,list(c(5015, 5016, 5015, 5017, 5017, 5018, 5016, 5016)),NA,NA,4,244,0,0,NA,NA,NA,NA,5,7,3475,133,NA,4,71,11,34,29,57,0,NA,NA,NA,NA,3,NA,0,8,NA,NA,NA,NA,NA,153,NA,TRUE,1,0,1,0,NA
"temp",3393263880,22,9,10,0,1,TRUE,25,129,list(c(5015, 5017, 5016, 5017, 5017, 5018, 5017, 5015, 5015)),NA,NA,6,0,0,0,NA,NA,NA,NA,6,0,4253,207,NA,4,11,18,182,63,22,46,NA,NA,NA,NA,0,NA,1,9,NA,NA,NA,NA,NA,0,NA,FALSE,0,1,0,0,NA
"temp",3393263850,4,9,10,0,1,TRUE,22,128,list(c(5015, 5017, 5015, 5016, 5015, 5018, 5015, 5017, 5017, 6009, 5017, 5018)),NA,NA,1,0,0,0,NA,NA,NA,NA,4,9,3839,263,NA,4,50,239,57,0,65,3,NA,NA,NA,NA,3,NA,1,12,NA,NA,NA,NA,NA,451,NA,FALSE,0,1,0,0,NA
"temp",3393263727,22,35,10,7,1,FALSE,16,132,list(c(5015, 5017, 5017, 5016, 5017, 5018, 5017, 5016, 5016, 6009, 5016, 5018)),NA,NA,6,0,0,0,NA,NA,NA,NA,4,0,5539,175,NA,4,170,239,50,0,182,21,NA,NA,NA,NA,4,NA,0,12,NA,NA,NA,NA,NA,757,NA,FALSE,1,0,2,0,NA
"temp",3393263613,22,8,10,7,1,TRUE,43,2,list(c(5015, 5017, 5016, 5016, 5017, 5018, 5016, 5017, 5016, 6009, 5017, 5018, 5015)),NA,NA,11,0,0,0,NA,NA,NA,NA,4,0,5564,0,NA,4,71,63,154,59,239,0,NA,NA,NA,NA,4,NA,0,13,NA,NA,NA,NA,NA,2500,NA,TRUE,1,0,3,0,NA
"temp",3393296688,22,5,10,0,1,FALSE,8,1,list(c(5015, 5017, 5017, 5016, 5017, 5018, 5017, 5016)),NA,NA,0,0,0,0,NA,NA,NA,NA,3,0,7251,0,NA,4,50,239,65,170,17,0,NA,NA,NA,NA,8,NA,1,8,NA,NA,NA,NA,NA,0,NA,TRUE,0,1,2,0,NA
"temp",3393263423,22,28,10,0,1,FALSE,5,130,list(c(5015, 5016, 5015, 5017, 5017, 5018, 5017, 5017, 5016, 6405)),NA,NA,3,0,0,0,NA,NA,NA,NA,1,0,3852,106,NA,4,50,71,239,212,170,0,NA,NA,NA,NA,3,NA,1,11,NA,NA,NA,NA,NA,239,NA,FALSE,1,0,3,0,NA
"temp",3393263353,22,10,10,7,1,TRUE,42,0,list(c(5015, 5017, 5017, 5016, 5017, 5018, 5017, 5016, 5016, 6009, 5016, 5018, 5015, 5015, 6356, 5015, 5018, 6168)),NA,NA,6,0,0,0,NA,NA,NA,NA,0,39,22191,143,NA,4,154,100,133,137,212,50,NA,NA,NA,NA,16,NA,0,22,NA,NA,NA,NA,NA,4621,NA,TRUE,1,0,22,0,NA
"temp",3393263170,21,1,2,8,1,TRUE,1,0,list(c(5016, 5017, 5015, 5017, 5017, 5018, 5016, 5016, 5017, 6009, 5016, 5018, 5015, 5015)),NA,NA,0,216,0,0,NA,NA,NA,NA,1,4,6810,163,NA,4,11,50,127,0,182,0,NA,NA,NA,NA,1,NA,0,14,NA,NA,NA,NA,NA,0,NA,TRUE,1,0,0,0,NA
"temp",3393263082,1,83,5,4,1,FALSE,14,132,list(c(5017, 5015, 5017, 5015, 5017, 5018, 5015, 5016, 5016, 6009, 5017, 5018, 5016, 5016, 6356, 5015, 5018, 6357)),NA,NA,17,46,71,0,NA,NA,NA,NA,4,9,53739,107,NA,4,100,252,48,102,170,50,NA,NA,NA,NA,37,NA,0,23,NA,NA,NA,NA,NA,1214,NA,FALSE,1,0,10,0,NA
"temp",3393262543,4,5,10,0,1,FALSE,2,131,list(c(5015, 5017, 5017)),NA,NA,0,0,0,0,NA,NA,NA,NA,2,0,1725,144,NA,4,44,71,239,29,0,0,NA,NA,NA,NA,2,NA,0,3,NA,NA,NA,NA,NA,0,NA,FALSE,1,0,0,0,NA
"temp",3393262490,21,2,2,8,1,FALSE,0,0,list(c(5015, 5017, 5017, 5015, 5017, 5018)),NA,NA,0,0,0,0,NA,NA,NA,NA,2,9,881,198,NA,4,0,29,2,71,0,16,NA,NA,NA,NA,0,NA,0,6,NA,NA,NA,NA,NA,0,NA,TRUE,0,1,0,0,NA
"temp",3393262389,3,18,10,0,1,TRUE,32,1,list(c(5015, 5016, 5015, 5017, 5016, 5018, 5017, 5017, 5015, 6009, 5015, 5018, 5016, 5016, 5907, 5017, 5018, 6168)),NA,NA,10,0,182,0,NA,NA,NA,NA,2,12,18013,2101,NA,4,116,0,11,137,46,63,NA,NA,NA,NA,16,NA,0,21,NA,NA,NA,NA,NA,6353,NA,TRUE,1,0,8,0,NA
"temp",3393262348,22,8,10,0,1,TRUE,21,1,list(c(5015, 5016, 5017, 5017, 5017, 5018, 5017, 5016, 5016, 6009, 5016, 5018, 5015, 5015)),NA,NA,8,0,0,0,NA,NA,NA,NA,2,0,9143,440,NA,4,50,127,170,0,0,0,NA,NA,NA,NA,5,NA,0,14,NA,NA,NA,NA,NA,803,NA,TRUE,1,0,4,0,NA
"temp",3393262282,22,18,10,0,1,TRUE,53,132,list(c(5017, 5015, 5017, 5016, 5017, 5018, 5017, 5015, 5015, 5015, 5016, 6009, 5018, 5016, 5907, 5016, 5018)),NA,NA,6,0,0,0,NA,NA,NA,NA,9,8,11765,602,NA,4,71,11,154,21,63,8,NA,NA,NA,NA,7,NA,0,18,NA,NA,NA,NA,NA,0,NA,FALSE,0,1,1,0,NA
"temp",3393262137,22,25,10,7,1,FALSE,12,2,list(c(5015, 5017, 5017, 5016, 5017, 5018, 5017, 5015, 5016, 6405, 5016, 5018, 5016, 5015, 6356, 5015)),NA,NA,4,0,0,0,NA,NA,NA,NA,6,16,13029,441,NA,4,50,36,127,239,65,46,NA,NA,NA,NA,4,NA,0,17,NA,NA,NA,NA,NA,47,NA,TRUE,0,1,1,0,NA
"temp",3393296330,22,1,10,0,1,FALSE,0,132,NA,NA,NA,0,0,0,0,NA,NA,NA,NA,0,0,193,0,NA,4,0,181,240,0,0,0,NA,NA,NA,NA,1,NA,0,1,NA,NA,NA,NA,NA,0,NA,FALSE,1,0,1,0,NA
"temp",3393795858,4,33,10,0,1,FALSE,23,132,list(c(5015, 5017, 5015, 5017, 5017, 5018, 5017, 5015, 5015, 6009, 5016, 5018, 5016, 5016)),NA,NA,7,0,0,0,NA,NA,NA,NA,7,1,5205,1066,NA,4,239,152,50,182,252,46,NA,NA,NA,NA,1,NA,0,14,NA,NA,NA,NA,NA,2003,NA,FALSE,1,0,1,0,NA
"temp",3393808961,22,4,10,7,1,TRUE,18,3,list(c(5015, 5017, 5015, 5017, 5017, 5018, 5017, 5016, 5015, 6405, 5015, 5018)),NA,NA,2,0,0,0,NA,NA,NA,NA,0,0,3417,0,NA,4,50,23,239,46,71,65,NA,NA,NA,NA,3,NA,0,12,NA,NA,NA,NA,NA,0,NA,TRUE,1,0,5,0,NA
"temp",3393806291,22,2,10,0,1,FALSE,7,130,list(c(5016, 5017, 5015)),NA,NA,0,0,0,0,NA,NA,NA,NA,0,0,1220,0,NA,4,29,44,38,0,0,0,NA,NA,NA,NA,1,NA,4,3,NA,NA,NA,NA,NA,0,NA,FALSE,1,0,1,1,NA
"temp",3393805771,4,15,10,0,1,TRUE,24,0,list(c(5015, 5017, 5016, 5017, 5017, 5018, 5017, 5015, 5016, 5015, 6405, 5015, 5018, 5016, 5907)),NA,NA,7,0,0,0,NA,NA,NA,NA,3,7,16565,1004,NA,4,36,71,127,154,60,50,NA,NA,NA,NA,15,NA,0,15,NA,NA,NA,NA,NA,5141,NA,TRUE,1,0,5,0,NA
"temp",3393805682,22,9,10,0,1,FALSE,5,0,list(c(5015, 5017, 5015, 5016, 5017)),NA,NA,0,0,0,0,NA,NA,NA,NA,5,0,591,274,NA,4,0,0,0,239,44,50,NA,NA,NA,NA,0,NA,3,5,NA,NA,NA,NA,NA,0,NA,TRUE,0,1,0,1,NA
"temp",3393805568,16,1,10,0,1,TRUE,3,131,list(NULL),NA,NA,0,0,0,0,NA,NA,NA,NA,0,0,0,0,NA,4,0,0,0,0,0,0,NA,NA,NA,NA,0,NA,1,1,NA,NA,NA,NA,NA,0,NA,FALSE,0,1,0,0,NA
"temp",3393805486,22,25,10,7,1,FALSE,6,132,list(c(5015, 5017, 5017, 5015, 5017, 5018, 5016, 5017, 5015, 6405, 5015, 5018)),NA,NA,8,46,0,0,NA,NA,NA,NA,1,18,5364,1555,NA,4,71,63,11,202,181,212,NA,NA,NA,NA,2,NA,0,12,NA,NA,NA,NA,NA,1426,NA,FALSE,1,0,5,0,NA
"temp",3393805141,4,31,10,0,1,FALSE,16,130,list(c(5017, 5016, 5017, 5015, 5017, 5018, 5017, 5016, 5016, 5015)),NA,NA,9,0,0,0,NA,NA,NA,NA,9,1,7374,395,NA,4,63,127,0,0,0,0,NA,NA,NA,NA,8,NA,0,10,NA,NA,NA,NA,NA,442,NA,FALSE,1,0,1,0,NA
"temp",3393804742,22,41,10,7,1,FALSE,13,129,list(c(5015, 5017, 5017, 5015, 5017, 5018, 5016, 5017, 5015, 6009)),NA,NA,5,0,0,0,NA,NA,NA,NA,5,28,5467,407,NA,4,29,137,0,0,71,11,NA,NA,NA,NA,4,NA,0,10,NA,NA,NA,NA,NA,607,NA,FALSE,1,0,1,0,NA
"temp",3393804690,1,2,5,4,1,TRUE,41,3,list(NULL),NA,NA,5,0,0,0,NA,NA,NA,NA,0,0,7036,0,NA,4,154,63,71,212,152,0,NA,NA,NA,NA,11,NA,NA,14,NA,NA,NA,NA,NA,0,NA,TRUE,1,0,16,0,NA
"temp",3393824796,4,0,10,0,1,TRUE,0,131,NA,NA,NA,0,0,0,0,NA,NA,NA,NA,0,0,0,0,NA,4,239,44,0,0,0,0,NA,NA,NA,NA,0,NA,3,1,NA,NA,NA,NA,NA,0,NA,FALSE,0,1,0,1,NA
"temp",3393804495,4,0,10,0,1,FALSE,0,2,list(5016),NA,NA,0,0,0,0,NA,NA,NA,NA,0,0,0,0,NA,4,239,39,0,0,0,0,NA,NA,NA,NA,0,NA,1,1,NA,NA,NA,NA,NA,0,NA,TRUE,0,1,0,0,NA
"temp",3393804491,21,2,2,8,1,FALSE,1,0,list(c(5015, 5016, 5015, 5017, 5015, 5018)),NA,NA,0,0,0,0,NA,NA,NA,NA,2,7,535,172,NA,4,50,44,0,0,237,0,NA,NA,NA,NA,1,NA,0,6,NA,NA,NA,NA,NA,87,NA,TRUE,0,1,0,0,NA
"temp",3393803863,22,3,10,0,1,TRUE,19,3,list(c(5016, 5015, 5017, 5015, 5017, 5018, 5015, 5017, 5017, 6405, 5015, 5018, 5016)),NA,NA,2,0,0,0,NA,NA,NA,NA,0,23,5655,294,NA,4,63,11,71,46,154,0,NA,NA,NA,NA,6,NA,0,13,NA,NA,NA,NA,NA,4157,NA,TRUE,1,0,8,0,NA
"temp",3393803521,4,28,10,0,1,FALSE,8,132,list(c(5015, 5016, 5017, 5015, 5015, 5018, 5015, 5017)),NA,NA,2,0,0,0,NA,NA,NA,NA,4,0,2856,144,NA,4,22,182,11,18,46,63,NA,NA,NA,NA,3,NA,0,8,NA,NA,NA,NA,NA,303,NA,FALSE,1,0,1,0,NA
"temp",3393802634,22,13,10,0,1,TRUE,33,131,list(c(5016, 5015, 5017, 5016, 5017, 5018)),NA,NA,3,0,0,0,NA,NA,NA,NA,8,1,3212,0,NA,4,50,4,38,19,0,0,NA,NA,NA,NA,2,NA,1,6,NA,NA,NA,NA,NA,0,NA,FALSE,0,1,0,0,NA
"temp",3393802611,1,64,5,4,1,FALSE,20,3,list(NULL),NA,NA,2,0,0,0,NA,NA,NA,NA,8,0,6750,1084,NA,4,170,212,71,63,152,0,NA,NA,NA,NA,7,NA,NA,13,NA,NA,NA,NA,NA,0,NA,TRUE,0,1,1,0,NA
"temp",3393802541,22,0,10,0,1,TRUE,5,2,list(c(5015, 5017, 5015, 5016)),NA,NA,0,0,0,0,NA,NA,NA,NA,0,0,0,0,NA,4,239,71,0,0,0,0,NA,NA,NA,NA,0,NA,0,4,NA,NA,NA,NA,NA,0,NA,TRUE,1,0,0,0,NA
"temp",3393802432,22,4,10,0,1,TRUE,31,128,list(c(5015, 5016, 5017, 5015, 5015, 5018, 5015, 5016, 6009, 5016, 5016, 5018, 5017)),NA,NA,0,0,0,0,NA,NA,NA,NA,10,0,6597,1303,NA,4,239,127,46,166,0,63,NA,NA,NA,NA,2,NA,1,13,NA,NA,NA,NA,NA,0,NA,FALSE,0,1,0,0,NA
"temp",3393802315,22,43,10,7,1,FALSE,14,132,list(c(5015, 5017, 5017, 5015, 5017, 5018, 5016, 5017, 5015, 6405, 5015, 5018, 5016, 5016, 5907, 5016)),NA,NA,5,0,0,0,NA,NA,NA,NA,1,16,25894,567,NA,4,143,50,100,154,71,137,NA,NA,NA,NA,24,NA,0,17,NA,NA,NA,NA,NA,5438,NA,FALSE,1,0,14,0,NA
"temp",3393801367,22,10,10,0,1,TRUE,18,128,list(c(5015, 5017, 5015, 5016)),NA,NA,0,0,0,0,NA,NA,NA,NA,2,1,0,0,NA,4,0,0,0,0,0,0,NA,NA,NA,NA,0,NA,1,4,NA,NA,NA,NA,NA,0,NA,FALSE,0,1,0,0,NA
"temp",3393801137,22,60,10,0,1,FALSE,27,130,list(c(5016, 5017, 5016, 5017, 5015, 5018, 5017, 5017, 5016, 5016, 6009, 5018, 5015, 5015, 5015)),NA,NA,9,0,0,0,NA,NA,NA,NA,8,2,13664,277,NA,4,71,63,127,154,54,0,NA,NA,NA,NA,14,NA,0,18,NA,NA,NA,NA,NA,2279,NA,FALSE,1,0,2,0,NA
"temp",3393801067,21,2,2,8,1,FALSE,0,0,list(c(5015, 5017, 5017, 5015, 5017, 5018)),NA,NA,0,0,0,0,NA,NA,NA,NA,2,5,1507,373,NA,4,71,29,0,240,0,0,NA,NA,NA,NA,0,NA,0,6,NA,NA,NA,NA,NA,0,NA,TRUE,0,1,0,0,NA
"temp",3393801047,22,11,10,7,1,FALSE,0,130,list(c(5015, 5017, 5017, 5015, 5017, 5018, 5017, 5016)),NA,NA,0,0,0,0,NA,NA,NA,NA,0,15,1537,0,NA,4,44,50,46,71,0,11,NA,NA,NA,NA,1,NA,0,8,NA,NA,NA,NA,NA,867,NA,FALSE,1,0,1,0,NA
"temp",3393800891,22,36,10,7,1,FALSE,16,128,list(c(5015, 5017, 5015, 5017, 5016, 5018, 5017, 5016, 5016, 5016, 5017, 5018, 6009, 5015, 5907, 5015, 5018, 6168)),NA,NA,5,0,0,0,NA,NA,NA,NA,4,25,21894,502,NA,4,50,65,137,46,154,71,NA,NA,NA,NA,21,NA,0,20,NA,NA,NA,NA,NA,4268,NA,FALSE,1,0,5,0,NA
"temp",3393800827,22,32,10,0,1,FALSE,19,129,list(c(5015, 5017, 5015, 5017, 5015, 5018, 5017, 5015, 5017, 6405, 5016, 5018, 5016, 5016, 5016, 5907)),NA,NA,4,46,0,0,NA,NA,NA,NA,6,19,13925,606,NA,4,63,252,127,34,154,71,NA,NA,NA,NA,12,NA,0,16,NA,NA,NA,NA,NA,3016,NA,FALSE,1,0,2,0,NA
"temp",3393800682,22,8,10,7,1,FALSE,6,131,list(c(5015, 5017, 5017, 5015, 5017, 5018, 5017, 5015, 5016, 5015, 5016)),NA,NA,0,0,0,0,NA,NA,NA,NA,0,20,2478,1280,NA,4,50,102,71,40,100,0,NA,NA,NA,NA,2,NA,0,11,NA,NA,NA,NA,NA,3824,NA,FALSE,1,0,2,0,NA
"temp",3393814447,21,2,2,8,1,FALSE,0,0,list(c(5015, 5016, 5016, 5017, 5016, 5018)),0,0,0,0,2,5,505,263,4,0,71,11,29,237,0,2,0,list(list()),0,6,list(list(time = c(-89, -89, -89, -89, -89, -89, -89, -89, -89, -89, -89, -89, -89, -89, -89, -89, -89, -89, -89, -89, -89, -89, -89, -89, -89, -89, -89, -89, -89, -89, -89, -89, -89, -89, -89, -89, 85, 86, 155, 172, 273, 344), key = c("tango", "stout_shield", "quelling_blade", "faerie_fire", "tango", "stout_shield", "quelling_blade", "faerie_fire", "tango", "stout_shield", "quelling_blade", "faerie_fire", "tango", "stout_shield", "quelling_blade", "faerie_fire", "tango", "stout_shield", "quelling_blade", 
"faerie_fire", "tango", "stout_shield", "quelling_blade", "faerie_fire", "tango", "stout_shield", "quelling_blade", "faerie_fire", "tango", "stout_shield", "quelling_blade", "faerie_fire", "tango", "stout_shield", "quelling_blade", "faerie_fire", "slippers", "slippers", "poor_mans_shield", "boots", "tpscroll", "belt_of_strength"))),2,list(list()),list(list()),0,0,TRUE,0,1,0,0,0,0,0,25,0,0,0,0,0,0,2,2
"temp",3393800448,4,44,10,0,1,FALSE,22,129,list(c(5015, 5017, 5017, 5016, 5017, 5018, 5016, 5016, 5016, 5017, 6009, 5018, 5015, 5015, 5907, 5015, 5018, 6168)),NA,NA,7,0,0,0,NA,NA,NA,NA,2,10,32397,719,NA,4,48,147,239,0,235,137,NA,NA,NA,NA,19,NA,0,24,NA,NA,NA,NA,NA,5475,NA,FALSE,1,0,8,0,NA
"temp",3393800274,1,30,5,4,1,FALSE,41,3,list(NULL),NA,NA,5,0,0,0,NA,NA,NA,NA,2,0,11637,531,NA,4,154,212,0,63,152,0,NA,NA,NA,NA,12,NA,NA,18,NA,NA,NA,NA,NA,0,NA,TRUE,0,1,5,0,NA
"temp",3393800047,22,18,10,0,1,FALSE,8,129,list(c(5015, 5017, 5016, 5016, 5016, 5018, 5017, 5017, 5016, 5017, 5018, 6009, 5015)),NA,NA,2,0,0,0,NA,NA,NA,NA,2,8,5732,155,NA,4,11,71,127,29,181,0,NA,NA,NA,NA,6,NA,0,13,NA,NA,NA,NA,NA,747,NA,FALSE,1,0,2,0,NA
"temp",3393800026,22,10,10,0,1,FALSE,12,131,list(c(5017, 5015, 5017, 5016, 5017, 5018, 5017, 5015, 5015)),NA,NA,1,0,0,0,NA,NA,NA,NA,3,9,2106,0,NA,4,11,40,102,63,0,240,NA,NA,NA,NA,1,NA,0,9,NA,NA,NA,NA,NA,1001,NA,FALSE,1,0,0,0,NA
"temp",3393799747,22,28,10,7,1,FALSE,10,131,list(c(5015, 5017, 5017, 5016, 5017, 5018, 5017, 5016, 5016, 6009, 5016, 5018, 5015, 5015, 5907, 5015, 5018, 6168)),NA,NA,4,44,11,0,NA,NA,NA,NA,1,45,19966,419,NA,4,137,71,116,170,63,158,NA,NA,NA,NA,16,NA,0,23,NA,NA,NA,NA,NA,12195,NA,FALSE,1,0,10,0,NA
"temp",3393799662,1,12,5,4,1,TRUE,36,131,list(NULL),NA,NA,3,0,0,0,NA,NA,NA,NA,5,0,6989,506,NA,4,11,63,71,212,152,0,NA,NA,NA,NA,2,NA,NA,13,NA,NA,NA,NA,NA,0,NA,FALSE,0,1,0,0,NA
"temp",3393799644,22,14,10,7,1,TRUE,22,1,list(c(5015, 5017, 5015, 5017, 5017, 5018, 5017, 5016, 5016, 6009, 5016, 5018, 5016, 5015, 5907)),NA,NA,0,0,0,0,NA,NA,NA,NA,1,2,3918,0,NA,4,239,182,152,63,135,0,NA,NA,NA,NA,5,NA,0,15,NA,NA,NA,NA,NA,1530,NA,TRUE,1,0,2,0,NA
"temp",3393799273,22,22,10,7,1,TRUE,41,4,list(c(5015, 5017, 5017, 5015, 5017, 5018, 5017, 5016, 5016, 6405, 5016, 5018, 5016, 5015, 6356, 5015, 5018, 6357)),NA,NA,16,0,0,0,NA,NA,NA,NA,1,4,25378,2321,NA,4,63,127,239,170,71,137,NA,NA,NA,NA,15,NA,0,21,NA,NA,NA,NA,NA,5487,NA,TRUE,1,0,15,0,NA
"temp",3393812525,21,2,2,8,1,FALSE,1,0,list(c(5015, 5016, 5017, 5016, 5015)),NA,NA,0,0,0,0,NA,NA,NA,NA,2,0,1595,180,NA,4,0,50,0,0,0,0,NA,NA,NA,NA,1,NA,0,5,NA,NA,NA,NA,NA,0,NA,TRUE,0,1,0,0,NA
"temp",3393798932,1,16,5,4,1,TRUE,40,131,list(NULL),NA,NA,1,0,0,0,NA,NA,NA,NA,10,0,4322,1126,NA,4,11,63,71,212,0,0,NA,NA,NA,NA,3,NA,NA,9,NA,NA,NA,NA,NA,0,NA,FALSE,0,1,0,0,NA
"temp",3393798898,4,8,10,0,1,TRUE,53,132,list(c(5015, 5017, 5015, 5017, 5015, 5018, 5015)),NA,NA,7,0,0,0,NA,NA,NA,NA,21,0,766,1386,NA,4,214,244,46,0,0,0,NA,NA,NA,NA,0,NA,0,7,NA,NA,NA,NA,NA,0,NA,FALSE,0,1,0,0,NA
"temp",3393798585,3,10,10,7,1,TRUE,39,130,list(c(5015, 5017, 5017, 5015, 5017, 5018, 5017, 5016, 5016, 6405, 5016, 5016)),NA,NA,2,0,0,0,NA,NA,NA,NA,2,18,11413,0,NA,4,212,127,137,63,0,71,NA,NA,NA,NA,5,NA,1,12,NA,NA,NA,NA,NA,1187,NA,FALSE,0,1,2,0,NA
"temp",3393798532,4,59,10,0,1,FALSE,17,128,list(c(5016, 5015, 5015, 5017, 5015, 5018, 5016, 5016, 5016, 5017, 5017, 5018, 6009, 5017, 5015, 5907, 5018, 6168, 6121)),NA,NA,15,0,0,0,NA,NA,NA,NA,2,13,42178,191,NA,4,154,127,63,137,114,46,NA,NA,NA,NA,29,NA,0,25,NA,NA,NA,NA,NA,8002,NA,FALSE,1,0,14,0,NA
"temp",3393798478,22,63,10,0,1,FALSE,14,4,list(c(5016, 5015, 5017, 5016, 5016, 5018, 5016, 5015, 6009, 5015, 5017, 5018, 5015, 5017)),NA,NA,10,0,0,0,NA,NA,NA,NA,13,0,10883,2935,NA,4,50,46,239,108,0,0,NA,NA,NA,NA,3,NA,0,14,NA,NA,NA,NA,NA,0,NA,TRUE,0,1,0,0,NA
"temp",3393798460,5,7,10,0,1,FALSE,1,129,list(c(5015, 5017, 5017, 5015, 5017)),NA,NA,1,0,0,0,NA,NA,NA,NA,0,20,1221,0,NA,4,50,71,239,0,0,0,NA,NA,NA,NA,1,NA,0,5,NA,NA,NA,NA,NA,0,NA,FALSE,1,0,2,0,NA
"temp",3393812384,22,1,10,0,1,TRUE,4,131,list(c(5016, 5015)),NA,NA,0,0,0,0,NA,NA,NA,NA,0,0,480,0,NA,4,0,0,0,0,0,0,NA,NA,NA,NA,0,NA,1,2,NA,NA,NA,NA,NA,0,NA,FALSE,0,1,0,0,NA
"temp",3393798133,4,10,10,0,1,TRUE,31,2,list(c(5015, 5016, 5016, 5015, 5016, 5018, 5017, 5016, 5015, 6009, 5017, 5018, 5017, 5907, 5015, 5017, 5018)),NA,NA,7,0,0,0,NA,NA,NA,NA,2,3,15776,51,NA,4,239,48,71,137,154,46,NA,NA,NA,NA,8,NA,0,19,NA,NA,NA,NA,NA,2983,NA,TRUE,1,0,5,0,NA
"temp",3393798129,4,20,10,0,1,TRUE,58,2,list(c(5015, 5017, 5015, 5017, 5017, 5018, 5016, 5017, 5015, 6009, 5015, 5018, 5016, 5016, 5907, 5016, 5018, 6168)),NA,NA,7,0,0,0,NA,NA,NA,NA,1,13,18534,0,NA,4,50,11,240,127,137,139,NA,NA,NA,NA,15,NA,0,20,NA,NA,NA,NA,NA,8000,NA,TRUE,1,0,11,0,NA
"temp",3393797760,4,10,10,0,1,TRUE,43,2,list(c(5015, 5017, 5017, 5015, 5017, 5018, 5017, 5015, 5016, 5015, 6009, 5018, 5016, 5016)),NA,NA,6,0,0,0,NA,NA,NA,NA,2,3,8413,324,NA,4,127,137,29,0,0,166,NA,NA,NA,NA,9,NA,0,14,NA,NA,NA,NA,NA,1560,NA,TRUE,1,0,5,0,NA
"temp",3393797728,22,12,10,0,1,TRUE,61,2,list(c(5015, 5016, 5017, 5015, 5015, 5018, 5016, 5017, 5015, 6009, 5016, 5018, 5016, 5017, 5907, 5017, 5018, 6168)),NA,NA,11,0,0,0,NA,NA,NA,NA,2,4,9367,260,NA,4,116,63,65,182,154,239,NA,NA,NA,NA,9,NA,0,20,NA,NA,NA,NA,NA,1532,NA,TRUE,1,0,6,0,NA
"temp",3393797525,22,15,10,7,1,TRUE,36,1,list(c(5015, 5017, 5017, 5015, 5017, 5018, 5017, 5016, 5016, 6405, 5016, 5018, 5016, 5015, 5907, 5015, 5018, 6168)),NA,NA,9,181,0,0,NA,NA,NA,NA,4,14,26268,771,NA,4,212,139,63,71,137,65,NA,NA,NA,NA,16,NA,0,21,NA,NA,NA,NA,NA,12250,NA,TRUE,1,0,5,0,NA
"temp",3393797484,4,31,10,0,1,FALSE,17,3,list(c(5015, 5017, 5017, 5015, 5017, 5018, 5017, 5016, 5016, 6009, 5016, 5018, 5015, 5016, 5907, 5015)),NA,NA,7,0,0,0,NA,NA,NA,NA,9,4,11071,2214,NA,4,71,50,36,116,154,0,NA,NA,NA,NA,7,NA,0,16,NA,NA,NA,NA,NA,388,NA,TRUE,0,1,1,0,NA
"temp",3393797471,22,13,10,7,1,TRUE,49,129,list(c(5015, 5016, 5017, 5015, 5017, 5018)),NA,NA,2,0,0,0,NA,NA,NA,NA,14,3,3207,604,NA,4,0,0,0,0,0,0,NA,NA,NA,NA,1,NA,3,7,NA,NA,NA,NA,NA,0,NA,FALSE,0,1,0,1,NA
"temp",3393811951,18,8,10,0,1,FALSE,4,128,list(c(5359, 5079, 5427, 5359)),NA,NA,0,0,0,0,NA,NA,NA,NA,0,4,555,0,NA,4,182,0,34,63,0,0,NA,NA,NA,NA,1,NA,0,4,NA,NA,NA,NA,NA,137,NA,FALSE,1,0,1,0,NA
"temp",3393797219,4,49,10,0,1,FALSE,6,2,list(c(5017, 5015, 5015, 5017, 5015, 5018, 5015, 5017, 5017)),NA,NA,1,0,0,0,NA,NA,NA,NA,6,2,3040,464,NA,4,71,11,63,0,38,0,NA,NA,NA,NA,2,NA,0,9,NA,NA,NA,NA,NA,0,NA,TRUE,0,1,0,0,NA
"temp",3393797187,22,17,10,7,1,TRUE,46,2,list(c(5015, 5017, 5015, 5016, 5017, 5018, 5016, 5016, 5017, 6405, 5017, 5018, 5015, 5016, 6356, 5015, 5018, 6168)),NA,NA,3,0,46,0,NA,NA,NA,NA,6,17,14754,826,NA,4,71,127,202,154,11,48,NA,NA,NA,NA,10,NA,0,20,NA,NA,NA,NA,NA,3931,NA,TRUE,1,0,1,0,NA
"temp",3393797052,22,12,10,0,1,TRUE,21,2,list(c(5015, 5016, 5017, 5015, 5015, 5018, 5015, 5016, 5016, 6009, 5016, 5018, 5017)),NA,NA,4,0,0,0,NA,NA,NA,NA,2,0,5741,0,NA,4,239,154,63,25,8,0,NA,NA,NA,NA,4,NA,0,13,NA,NA,NA,NA,NA,189,NA,TRUE,1,0,2,0,NA
"temp",3393796979,18,20,10,0,1,TRUE,31,1,list(c(5025, 5391, 5025, 5249, 5025, 5594, 5025, 5249, 5249, 6405, 5249, 5594, 5907)),NA,NA,5,0,0,0,NA,NA,NA,NA,1,14,12389,943,NA,4,152,37,0,71,121,29,NA,NA,NA,NA,9,NA,0,15,NA,NA,NA,NA,NA,383,NA,TRUE,1,0,7,0,NA
"temp",3393796950,22,28,10,0,1,FALSE,17,1,list(c(5015, 5017, 5015, 5017, 5016, 5018, 5015, 5017, 5017, 6009, 5016, 5018, 5016, 5016, 5015, 5907)),NA,NA,3,239,0,0,NA,NA,NA,NA,5,5,12324,597,NA,4,50,137,152,166,41,48,NA,NA,NA,NA,7,NA,0,17,NA,NA,NA,NA,NA,0,NA,TRUE,0,1,1,0,NA
"temp",3393796793,22,59,10,0,1,FALSE,18,131,list(c(5016, 5017, 5015, 5017, 5015, 5018, 5016, 5017, 5015, 6009, 5017, 5018, 5016, 5016, 5907, 5015, 5018)),NA,NA,12,44,0,0,NA,NA,NA,NA,9,0,19514,0,NA,4,127,50,154,116,0,0,NA,NA,NA,NA,14,NA,0,18,NA,NA,NA,NA,NA,9681,NA,FALSE,1,0,2,0,NA
"temp",3393796741,22,27,10,0,1,TRUE,44,132,list(c(5015, 5017, 5015, 5017, 5017, 5018, 5017, 5015, 5015, 6009, 5016, 5018, 5016, 5016, 6356)),NA,NA,9,0,0,0,NA,NA,NA,NA,6,1,5119,1397,NA,4,152,239,65,50,21,10,NA,NA,NA,NA,2,NA,0,15,NA,NA,NA,NA,NA,0,NA,FALSE,0,1,1,0,NA
"temp",3393796725,22,21,10,7,1,TRUE,44,130,list(c(5015, 5017, 5017, 5016, 5017, 5018, 5017, 5016, 5016, 6009, 5016, 5018, 5015, 5015, 6356, 5015, 5018)),NA,NA,8,244,0,0,NA,NA,NA,NA,8,10,15664,1650,NA,4,65,71,201,29,102,46,NA,NA,NA,NA,6,NA,0,18,NA,NA,NA,NA,NA,0,NA,FALSE,0,1,1,0,NA
"temp",3393796721,4,21,10,0,1,TRUE,34,132,list(c(5015, 5016, 5016, 5017, 5016, 5018, 5016, 5017)),NA,NA,2,0,0,0,NA,NA,NA,NA,4,2,3300,103,NA,4,0,0,0,0,0,0,NA,NA,NA,NA,1,NA,3,9,NA,NA,NA,NA,NA,0,NA,FALSE,0,1,0,1,NA
"temp",3393796705,22,10,10,0,1,TRUE,28,131,list(c(5015, 5017, 5015, 5016, 5016, 5018, 5016, 5017, 5016, 6009, 5017, 5018)),NA,NA,3,0,0,0,NA,NA,NA,NA,11,5,3007,234,NA,4,0,0,0,0,0,0,NA,NA,NA,NA,1,NA,1,12,NA,NA,NA,NA,NA,650,NA,FALSE,0,1,0,0,NA
"temp",3393796704,22,6,10,0,1,TRUE,29,0,list(c(5015, 5016, 5015, 5016, 5015, 5018, 5015, 5017, 5017, 6009)),NA,NA,6,0,0,0,NA,NA,NA,NA,4,1,2251,434,NA,4,11,182,44,29,137,0,NA,NA,NA,NA,0,NA,0,10,NA,NA,NA,NA,NA,793,NA,TRUE,1,0,1,0,NA
"temp",3393796506,18,11,10,0,1,TRUE,28,0,list(5368),NA,NA,0,0,0,0,NA,NA,NA,NA,0,1,0,0,NA,4,0,0,0,0,0,0,NA,NA,NA,NA,0,NA,1,1,NA,NA,NA,NA,NA,0,NA,TRUE,1,0,0,0,NA
"temp",3393796456,1,43,5,4,1,FALSE,10,3,list(NULL),NA,NA,2,0,0,0,NA,NA,NA,NA,5,0,4678,309,NA,4,170,63,21,212,152,0,NA,NA,NA,NA,1,NA,NA,13,NA,NA,NA,NA,NA,0,NA,TRUE,0,1,0,0,NA
"temp",3393810568,21,0,2,8,1,TRUE,1,128,list(c(5015, 5017, 5015, 5016, 5015)),NA,NA,0,0,0,0,NA,NA,NA,NA,1,5,122,86,NA,4,11,182,0,29,0,0,NA,NA,NA,NA,0,NA,0,5,NA,NA,NA,NA,NA,0,NA,FALSE,0,1,0,0,NA
"temp",3393796183,22,13,10,0,1,TRUE,38,132,list(c(5015, 5016, 5015, 5017, 5016, 5018, 5016, 5016, 5015, 6405, 5015, 5018)),NA,NA,4,44,42,169,NA,NA,NA,NA,9,2,5716,272,NA,4,29,11,65,127,46,18,NA,NA,NA,NA,0,NA,0,12,NA,NA,NA,NA,NA,0,NA,FALSE,0,1,0,0,NA
"temp",3393796164,22,2,10,0,1,TRUE,7,0,list(c(5015, 5017, 5017, 5016, 5017, 5018, 5017, 5016)),NA,NA,0,0,0,0,NA,NA,NA,NA,0,22,1189,0,NA,4,11,44,71,63,0,0,NA,NA,NA,NA,1,NA,0,8,NA,NA,NA,NA,NA,103,NA,TRUE,1,0,1,0,NA
"temp",3393796111,22,12,10,0,1,TRUE,42,4,list(c(5015, 5017, 5015, 5017, 5017, 5018, 5017, 5016, 5016, 6009, 5016, 5018, 5016, 5015, 5907)),NA,NA,5,0,0,0,NA,NA,NA,NA,2,1,7412,336,NA,4,152,203,50,67,239,0,NA,NA,NA,NA,10,NA,0,15,NA,NA,NA,NA,NA,2385,NA,TRUE,1,0,5,0,NA
"temp",3393796034,22,22,10,7,1,TRUE,55,130,list(c(5015, 5016, 5015, 5017, 5017, 5018, 5017, 5017, 5015, 5016, 6405, 5018, 5016, 5016)),NA,NA,5,0,0,0,NA,NA,NA,NA,8,0,5468,1286,NA,4,104,65,50,46,0,0,NA,NA,NA,NA,1,NA,0,14,NA,NA,NA,NA,NA,0,NA,FALSE,0,1,0,0,NA
"temp",3393795929,4,54,10,0,1,FALSE,11,131,list(c(5015, 5017, 5015, 5017, 5017, 5018, 5017, 5016, 5016, 6009, 5016, 5018, 5016, 5015, 5907, 5015, 5018, 6168)),NA,NA,6,0,0,0,NA,NA,NA,NA,0,2,17865,0,NA,4,112,168,48,16,71,139,NA,NA,NA,NA,19,NA,0,22,NA,NA,NA,NA,NA,5585,NA,FALSE,1,0,25,0,NA
"temp",3393795911,22,18,10,0,1,TRUE,39,2,list(c(5015, 5017, 5015, 5017, 5017, 5018, 5017, 5016, 5016, 6009, 5016, 5018, 5016, 5015, 5907, 5015, 5018)),NA,NA,8,0,0,65,NA,NA,NA,NA,5,6,9223,567,NA,4,239,127,166,63,116,0,NA,NA,NA,NA,8,NA,0,18,NA,NA,NA,NA,NA,3500,NA,TRUE,1,0,2,0,NA
"temp",3393795892,4,51,10,0,1,FALSE,15,1,list(c(5015, 5017, 5017, 5015, 5017, 5018, 5017, 5016, 5015, 5015, 6009, 5018, 5016, 6356, 5016)),NA,NA,4,0,0,0,NA,NA,NA,NA,9,2,15443,4494,NA,4,182,239,127,50,100,0,NA,NA,NA,NA,9,NA,0,16,NA,NA,NA,NA,NA,0,NA,TRUE,0,1,1,0,NA
"temp",3393810291,21,2,2,8,1,FALSE,0,0,list(c(5015, 5017, 5015, 5016, 5015)),NA,NA,0,0,0,0,NA,NA,NA,NA,2,5,380,396,NA,4,71,29,11,0,0,0,NA,NA,NA,NA,0,NA,0,5,NA,NA,NA,NA,NA,0,NA,TRUE,0,1,0,0,NA
"temp",3393968584,22,48,10,7,1,FALSE,20,4,list(c(5015, 5017, 5017, 5016, 5017, 5018, 5015, 5016, 5017, 6405, 5015, 5018, 5016, 5907, 5016, 5015, 5018, 6357)),NA,NA,4,157,0,0,NA,NA,NA,NA,12,7,19564,1277,NA,4,137,63,127,11,71,166,NA,NA,NA,NA,7,NA,0,20,NA,NA,NA,NA,NA,806,NA,TRUE,0,1,0,0,NA
"temp",3393984442,22,5,10,0,1,TRUE,7,131,list(c(5015, 5017, 5015, 5016)),NA,NA,1,0,0,0,NA,NA,NA,NA,2,0,562,292,NA,4,239,29,44,25,0,0,NA,NA,NA,NA,0,NA,1,4,NA,NA,NA,NA,NA,0,NA,FALSE,0,1,0,0,NA
"temp",3393980223,21,0,2,8,1,TRUE,2,0,list(c(5015, 5016, 5017, 5016, 5017)),NA,NA,0,0,0,0,NA,NA,NA,NA,0,1,878,0,NA,4,44,71,239,29,0,0,NA,NA,NA,NA,2,NA,0,5,NA,NA,NA,NA,NA,0,NA,TRUE,1,0,2,0,NA
"temp",3393979288,22,7,10,7,1,TRUE,65,130,list(c(5017, 5015, 5015, 5017)),NA,NA,2,0,0,0,NA,NA,NA,NA,33,0,133,1726,NA,4,0,0,0,0,0,0,NA,NA,NA,NA,0,NA,0,5,NA,NA,NA,NA,NA,0,NA,FALSE,0,1,0,0,NA
"temp",3393978371,22,13,10,0,1,TRUE,37,1,list(c(5015, 5016, 5015, 5017, 5017, 5018, 5015, 5017, 5016, 6009, 5016, 5018, 5017, 5015, 5907, 5016, 5018, 6357)),NA,NA,0,244,57,23,NA,NA,NA,NA,1,7,20796,268,NA,4,204,239,65,29,154,46,NA,NA,NA,NA,20,NA,0,22,NA,NA,NA,NA,NA,2270,NA,TRUE,1,0,10,0,NA
"temp",3393978281,22,3,10,7,1,TRUE,20,128,list(c(5015, 5017, 5017, 5015, 5017, 5018, 5017)),NA,NA,0,0,0,0,NA,NA,NA,NA,5,0,2174,681,NA,4,127,182,50,46,244,212,NA,NA,NA,NA,0,NA,0,7,NA,NA,NA,NA,NA,320,NA,FALSE,0,1,0,0,NA
"temp",3393978184,22,5,10,7,1,TRUE,31,129,list(c(5015, 5017, 5017, 5015, 5017, 5018, 5017)),NA,NA,1,0,0,0,NA,NA,NA,NA,4,15,2642,211,NA,4,0,71,18,0,0,50,NA,NA,NA,NA,1,NA,0,7,NA,NA,NA,NA,NA,86,NA,FALSE,0,1,0,0,NA
"temp",3393978151,22,23,10,0,1,FALSE,10,2,list(c(5015, 5016, 5016, 5015, 5017, 5018, 5016, 5015)),NA,NA,7,0,0,0,NA,NA,NA,NA,6,0,3771,944,NA,4,44,182,4,19,0,63,NA,NA,NA,NA,0,NA,1,8,NA,NA,NA,NA,NA,0,NA,TRUE,0,1,1,0,NA
"temp",3393977887,22,32,10,0,1,FALSE,7,1,list(c(5015, 5017, 5015, 5016, 5017, 5018, 5017, 5015, 5016, 6009, 5015, 5018)),NA,NA,5,0,0,0,NA,NA,NA,NA,6,4,4878,382,NA,4,48,0,0,0,0,0,NA,NA,NA,NA,0,NA,0,13,NA,NA,NA,NA,NA,43,NA,TRUE,0,1,0,0,NA
"temp",3393977886,22,31,10,7,1,FALSE,4,2,list(c(5015, 5017, 5015, 5016, 5017, 5018, 5017, 5017, 5016, 6009)),NA,NA,2,0,0,0,NA,NA,NA,NA,4,1,8371,477,NA,4,40,182,244,34,127,50,NA,NA,NA,NA,2,NA,0,10,NA,NA,NA,NA,NA,0,NA,TRUE,0,1,0,0,NA
"temp",3393977403,22,29,10,7,1,TRUE,41,3,list(c(5015, 5017, 5017, 5016, 5017, 5018, 5017, 5015, 5016, 6405, 5016, 5018, 5016, 5015, 5907, 5015, 5018)),NA,NA,5,46,0,0,NA,NA,NA,NA,5,17,17470,503,NA,4,158,71,154,50,116,11,NA,NA,NA,NA,15,NA,0,18,NA,NA,NA,NA,NA,2367,NA,TRUE,1,0,3,0,NA
"temp",3393977247,22,2,10,0,1,TRUE,5,2,list(c(5015, 5017, 5015, 5017, 5017, 5018, 5015, 5017, 5016, 6009)),NA,NA,0,0,0,0,NA,NA,NA,NA,0,2,1681,0,NA,4,162,71,63,18,0,0,NA,NA,NA,NA,2,NA,0,10,NA,NA,NA,NA,NA,841,NA,TRUE,1,0,2,0,NA
"temp",3393976974,22,30,10,7,1,FALSE,3,132,list(c(5015, 5017, 5015, 5017, 5017, 5018, 5017, 5016, 5015, 5015, 5016, 5018, 5016, 5016, 6405)),NA,NA,13,0,0,0,NA,NA,NA,NA,0,3,7658,0,NA,4,137,104,46,48,239,0,NA,NA,NA,NA,2,NA,0,15,NA,NA,NA,NA,NA,2023,NA,FALSE,1,0,15,0,NA
"temp",3393976535,22,6,10,0,1,FALSE,12,2,list(c(5015, 5017)),NA,NA,0,0,0,0,NA,NA,NA,NA,3,0,0,0,NA,4,0,0,0,0,0,0,NA,NA,NA,NA,0,NA,3,2,NA,NA,NA,NA,NA,0,NA,TRUE,0,1,0,1,NA
"temp",3393976367,4,29,10,0,1,FALSE,9,1,list(c(5015, 5017, 5016)),NA,NA,2,0,0,0,NA,NA,NA,NA,5,0,723,0,NA,4,0,0,0,0,0,0,NA,NA,NA,NA,0,NA,2,4,NA,NA,NA,NA,NA,0,NA,TRUE,0,1,0,1,NA
"temp",3393975743,22,10,10,0,1,TRUE,40,4,list(c(5015, 5016, 5015, 5017, 5016, 5018, 5015, 5015, 5016, 6009, 5016, 5018, 5017)),NA,NA,11,0,0,0,NA,NA,NA,NA,3,13,6110,673,NA,4,11,154,166,71,46,63,NA,NA,NA,NA,3,NA,0,13,NA,NA,NA,NA,NA,2366,NA,TRUE,1,0,3,0,NA
"temp",3393992264,22,1,10,0,1,FALSE,3,129,list(c(5015, 5017)),NA,NA,1,0,0,0,NA,NA,NA,NA,2,0,454,0,NA,4,0,0,0,0,0,0,NA,NA,NA,NA,0,NA,1,2,NA,NA,NA,NA,NA,0,NA,FALSE,1,0,0,0,NA
"temp",3393975005,22,9,10,0,1,TRUE,12,3,list(c(5015, 5017, 5015, 5017, 5017, 5018, 5016, 5017, 5015, 5016, 6009)),NA,NA,0,0,0,0,NA,NA,NA,NA,1,4,4480,193,NA,4,50,239,154,0,0,0,NA,NA,NA,NA,6,NA,0,11,NA,NA,NA,NA,NA,332,NA,TRUE,1,0,3,0,NA
"temp",3393974810,22,43,10,0,1,FALSE,22,2,list(c(5015, 5016, 5017, 5015, 5017, 5018, 5017, 5016, 5015, 5016, 5017)),NA,NA,5,0,0,0,NA,NA,NA,NA,11,0,9013,105,NA,4,63,0,127,0,71,0,NA,NA,NA,NA,2,NA,0,11,NA,NA,NA,NA,NA,0,NA,TRUE,0,1,0,0,NA
"temp",3393974696,22,18,10,0,1,TRUE,29,128,list(c(5015, 5017, 5016, 5015, 5015, 5018, 5017, 5015, 5016, 6009, 5018, 5017, 5016, 5016)),NA,NA,7,46,11,0,NA,NA,NA,NA,10,1,10024,898,NA,4,44,71,154,36,40,63,NA,NA,NA,NA,4,NA,0,14,NA,NA,NA,NA,NA,54,NA,FALSE,0,1,1,0,NA
"temp",3393974093,22,18,10,7,1,FALSE,5,3,list(c(5015, 5017, 5015, 5016, 5015, 5018, 5015)),NA,NA,1,0,0,0,NA,NA,NA,NA,1,2,1311,0,NA,4,0,0,0,0,0,0,NA,NA,NA,NA,1,NA,2,8,NA,NA,NA,NA,NA,0,NA,TRUE,0,1,1,1,NA
"temp",3393973876,22,39,10,7,1,FALSE,16,3,list(c(5015, 5017, 5016, 5017, 5015, 5018, 5017, 5017, 5015, 6009, 5015, 5018)),NA,NA,5,0,0,0,NA,NA,NA,NA,7,5,6589,265,NA,4,71,50,0,0,0,0,NA,NA,NA,NA,0,NA,3,13,NA,NA,NA,NA,NA,0,NA,TRUE,0,1,0,1,NA
"temp",3393973788,22,10,10,0,1,TRUE,13,128,list(c(5015, 5017, 5017, 5015, 5016, 5018, 5017, 5017, 5016, 5016, 5016, 5018, 5015, 5015, 6405)),NA,NA,1,0,0,0,NA,NA,NA,NA,0,0,11042,0,NA,4,29,127,154,182,116,0,NA,NA,NA,NA,4,NA,0,15,NA,NA,NA,NA,NA,0,NA,FALSE,0,1,5,0,NA
"temp",3393973711,3,38,10,7,1,FALSE,9,130,list(c(5015, 5017, 5017, 5016, 5017, 5018, 5017, 5015, 5015, 6405, 5016, 5018, 5015, 5016, 5907, 5016, 5018, 6168)),NA,NA,13,0,0,0,NA,NA,NA,NA,1,32,14767,1134,NA,4,116,204,63,137,0,244,NA,NA,NA,NA,12,NA,0,20,NA,NA,NA,NA,NA,8519,NA,FALSE,1,0,12,0,NA
"temp",3393972846,22,8,10,7,1,TRUE,47,0,list(c(5015, 5017, 5017, 5016, 5017, 5018, 5017, 5016, 5016, 6009, 5016, 5018, 5015, 5015)),NA,NA,8,0,0,0,NA,NA,NA,NA,1,15,8336,442,NA,4,50,11,71,127,137,0,NA,NA,NA,NA,7,NA,0,14,NA,NA,NA,NA,NA,2779,NA,TRUE,1,0,7,0,NA
"temp",3393972559,22,18,10,0,1,TRUE,25,128,list(c(5015, 5017, 5017, 5015, 5016, 5018, 5015, 5017, 5015, 6009, 5017, 5018, 5016, 5016)),NA,NA,2,0,0,0,NA,NA,NA,NA,2,0,10882,0,NA,4,0,0,0,0,0,0,NA,NA,NA,NA,9,NA,1,14,NA,NA,NA,NA,NA,990,NA,FALSE,0,1,3,0,NA
"temp",3393972508,21,0,2,8,1,TRUE,2,128,list(c(5016, 5015)),NA,NA,0,0,0,0,NA,NA,NA,NA,2,1,0,0,NA,4,44,182,11,0,0,0,NA,NA,NA,NA,0,NA,0,2,NA,NA,NA,NA,NA,116,NA,FALSE,0,1,0,0,NA
"temp",3393972505,22,26,10,0,1,FALSE,15,128,list(c(5016, 5017, 5017, 5015, 5017, 5018, 5017, 5016, 5016, 6009, 5016, 5018, 5015)),NA,NA,6,0,0,0,NA,NA,NA,NA,7,0,13890,875,NA,4,28,71,154,137,63,0,NA,NA,NA,NA,9,NA,0,15,NA,NA,NA,NA,NA,3452,NA,FALSE,1,0,1,0,NA
"temp",3393972336,5,1,10,0,1,TRUE,1,130,list(c(5017, 5015)),NA,NA,0,0,0,0,NA,NA,NA,NA,0,0,0,0,NA,4,29,0,0,0,0,0,NA,NA,NA,NA,0,NA,0,2,NA,NA,NA,NA,NA,0,NA,FALSE,0,1,0,0,NA
"temp",3393972302,22,6,10,7,1,TRUE,43,0,list(c(5015, 5017, 5017, 5016, 5017, 5018, 5017, 5016, 5016, 5016, 6009, 5018, 5015, 5015, 5015, 5907, 5018, 6168)),NA,NA,13,0,0,0,NA,NA,NA,NA,0,4,12180,1060,NA,4,63,203,71,137,239,154,NA,NA,NA,NA,8,NA,0,20,NA,NA,NA,NA,NA,7444,NA,TRUE,1,0,21,0,NA
"temp",3393972195,4,7,10,0,1,TRUE,58,3,list(c(5016, 5017, 5016, 5017, 5015, 5018, 5017, 5015, 5016, 5016, 5017, 5018, 6405, 5015)),NA,NA,8,0,0,0,NA,NA,NA,NA,0,0,12140,0,NA,4,63,181,71,154,39,127,NA,NA,NA,NA,8,NA,0,14,NA,NA,NA,NA,NA,0,NA,TRUE,1,0,16,0,NA
"temp",3393989140,4,5,10,0,1,FALSE,1,3,list(NULL),NA,NA,0,0,0,0,NA,NA,NA,NA,0,0,0,0,NA,4,0,0,0,0,0,0,NA,NA,NA,NA,0,NA,2,1,NA,NA,NA,NA,NA,0,NA,TRUE,0,1,0,1,NA
"temp",3393972090,4,17,10,0,1,TRUE,53,4,list(c(5015, 5016, 5017, 5016, 5016, 5018, 5017, 5016, 5017, 5015, 5018, 5017, 5015, 5015, 6009)),NA,NA,8,0,0,0,NA,NA,NA,NA,4,0,6348,357,NA,4,127,29,0,0,0,166,NA,NA,NA,NA,7,NA,0,15,NA,NA,NA,NA,NA,164,NA,TRUE,1,0,3,0,NA
"temp",3393972017,22,8,10,0,1,TRUE,26,2,list(c(5015, 5017, 5016, 5016, 5017, 5018, 5017, 5017, 5016, 6405, 5016, 5018, 5015, 5015, 6356)),NA,NA,8,0,0,0,NA,NA,NA,NA,1,4,6295,290,NA,4,137,11,71,212,53,29,NA,NA,NA,NA,6,NA,0,15,NA,NA,NA,NA,NA,3476,NA,TRUE,1,0,7,0,NA
"temp",3393971991,4,43,10,0,1,FALSE,17,1,list(c(5016, 5015, 5017, 5016, 5016, 5018, 5016, 5017, 5017, 6009, 5017, 5018, 5015)),NA,NA,4,0,0,0,NA,NA,NA,NA,11,7,10154,281,NA,4,71,11,50,36,21,46,NA,NA,NA,NA,3,NA,0,14,NA,NA,NA,NA,NA,485,NA,TRUE,0,1,0,0,NA
"temp",3393971742,22,46,10,0,1,FALSE,14,131,list(c(5015, 5016, 5017, 5017, 5017, 5018, 5017, 5016, 5016, 6009, 5016, 5018, 5015, 5015, 6356, 5015, 5018)),NA,NA,12,0,0,0,NA,NA,NA,NA,4,0,19327,268,NA,4,71,50,154,108,25,8,NA,NA,NA,NA,13,NA,0,19,NA,NA,NA,NA,NA,47,NA,FALSE,1,0,5,0,NA
"temp",3393971630,22,8,10,0,1,TRUE,37,1,list(c(5017, 5015, 5017, 5016, 5017, 5018, 5016, 5015, 5017, 6009, 5016, 5018, 5016, 5015, 6356, 5015, 5018)),NA,NA,10,0,0,0,NA,NA,NA,NA,2,13,22204,186,NA,4,63,239,127,154,137,182,NA,NA,NA,NA,19,NA,0,18,NA,NA,NA,NA,NA,4082,NA,TRUE,1,0,9,0,NA
"temp",3393971521,4,39,10,0,1,FALSE,28,128,list(c(5015, 5017, 5015, 5016, 5016, 5018, 5016, 5017, 5016, 6009, 5017, 5018, 5015, 5015, 5907, 5017, 5018, 6168, 6121)),NA,NA,12,0,0,0,NA,NA,NA,NA,4,2,21203,784,NA,4,139,65,50,143,137,116,NA,NA,NA,NA,10,NA,0,25,NA,NA,NA,NA,NA,1392,NA,FALSE,1,0,4,0,NA
"temp",3393971504,22,13,10,7,1,TRUE,29,1,list(c(5015, 5017, 5017, 5015, 5017, 5018, 5017, 5015, 5016, 6009, 5016, 5018, 5015, 5016, 6356, 5016, 5018)),NA,NA,5,0,0,0,NA,NA,NA,NA,3,58,11717,1427,NA,4,65,204,100,0,181,63,NA,NA,NA,NA,7,NA,0,18,NA,NA,NA,NA,NA,306,NA,TRUE,1,0,3,0,NA
"temp",3393971471,22,2,10,0,1,TRUE,38,3,list(c(5015, 5016, 5015, 5016, 5015, 5017, 5015)),NA,NA,2,0,0,0,NA,NA,NA,NA,0,2,1543,0,NA,4,11,125,168,50,0,0,NA,NA,NA,NA,2,NA,0,7,NA,NA,NA,NA,NA,2604,NA,TRUE,1,0,4,0,NA
"temp",3393971129,22,13,10,0,1,TRUE,58,3,list(c(5015, 5017, 5017, 5015, 5017, 5018, 5016, 5017, 5015, 6009, 5015, 5016, 5016, 5016, 5018, 6356, 5018, 6357)),NA,NA,8,0,0,0,NA,NA,NA,NA,2,0,12617,248,NA,4,50,127,239,71,154,137,NA,NA,NA,NA,11,NA,0,21,NA,NA,NA,NA,NA,4941,NA,TRUE,1,0,6,0,NA
"temp",3393970964,22,3,10,0,1,TRUE,14,1,list(c(5015, 5017, 5017, 5015, 5017, 5018, 5017, 5015, 5015, 6009, 5016)),NA,NA,1,0,0,0,NA,NA,NA,NA,1,1,2758,330,NA,4,239,71,75,75,63,18,NA,NA,NA,NA,2,NA,3,11,NA,NA,NA,NA,NA,0,NA,TRUE,1,0,1,1,NA
"temp",3393989037,21,0,2,8,1,TRUE,2,0,list(c(5016, 5015, 5017, 5017, 5017, 5018, 5017, 5015, 5016)),NA,NA,0,0,0,0,NA,NA,NA,NA,0,0,1664,0,NA,4,214,18,25,36,0,0,NA,NA,NA,NA,2,NA,0,9,NA,NA,NA,NA,NA,50,NA,TRUE,1,0,2,0,NA
"temp",3393970942,3,22,10,7,1,TRUE,38,129,list(c(5015, 5017, 5016, 5017, 5016, 5018, 5017, 5017, 5016, 6009, 5016, 5018)),NA,NA,4,46,38,257,NA,NA,NA,NA,7,1,4384,228,NA,4,239,152,40,50,42,182,NA,NA,NA,NA,0,NA,0,12,NA,NA,NA,NA,NA,0,NA,FALSE,0,1,0,0,NA
"temp",3393970926,4,11,10,0,1,TRUE,30,4,list(c(5015, 5017, 5017, 5016, 5017, 5018, 5015, 5017, 5016, 6405, 5016, 5018, 5016, 5015, 5907, 5015, 5018, 6168, 6121)),NA,NA,7,0,0,0,NA,NA,NA,NA,2,12,28742,345,NA,4,65,139,127,123,63,154,NA,NA,NA,NA,15,NA,0,25,NA,NA,NA,NA,NA,2535,NA,TRUE,1,0,7,0,NA
"temp",3393970776,1,65,5,4,1,FALSE,20,2,list(NULL),NA,NA,8,182,0,0,NA,NA,NA,NA,10,10,16073,2730,NA,4,170,36,50,127,46,21,NA,NA,NA,NA,4,NA,NA,16,NA,NA,NA,NA,NA,186,NA,TRUE,0,1,1,0,NA
"temp",3393970741,22,27,10,7,1,TRUE,70,1,list(c(5015, 5017, 5015, 5017, 5017, 5018, 5016, 5015, 5016, 5016, 5017, 5018, 5016, 6009, 5015, 5907, 5018, 6168, 6121)),NA,NA,9,0,0,0,NA,NA,NA,NA,8,9,28657,2124,NA,4,137,127,108,154,240,63,NA,NA,NA,NA,26,NA,0,25,NA,NA,NA,NA,NA,2243,NA,TRUE,1,0,3,0,NA
"temp",3393970719,22,14,10,0,1,FALSE,17,2,list(c(5015, 5017)),NA,NA,0,0,0,0,NA,NA,NA,NA,2,0,359,0,NA,4,0,0,0,0,0,0,NA,NA,NA,NA,0,NA,2,3,NA,NA,NA,NA,NA,0,NA,TRUE,0,1,0,1,NA
"temp",3393970643,22,14,10,7,1,TRUE,41,128,list(c(5015, 5017, 5017, 5015, 5017, 5018, 5016, 5015, 5017, 6009, 5016, 5018, 5016, 5016, 6356)),NA,NA,5,0,0,0,NA,NA,NA,NA,10,1,8506,615,NA,4,50,239,40,19,170,4,NA,NA,NA,NA,1,NA,0,15,NA,NA,NA,NA,NA,0,NA,FALSE,0,1,0,0,NA
"temp",3393970583,3,20,10,7,1,TRUE,38,1,list(c(5015, 5017, 5017, 5016, 5017, 5018, 5017, 5015, 5015, 6009, 5015, 5018, 5016, 5016, 5016, 5907, 5018, 6168)),NA,NA,7,11,0,0,NA,NA,NA,NA,2,28,23404,1089,NA,4,127,154,71,116,0,63,NA,NA,NA,NA,14,NA,0,22,NA,NA,NA,NA,NA,5874,NA,TRUE,1,0,7,0,NA
"temp",3393970493,4,12,10,0,1,TRUE,39,0,list(c(5016, 5015, 5017, 5017, 5017, 5018, 5017, 5016, 5016, 6009, 5015, 5018, 5016, 5015, 5907)),NA,NA,7,0,0,0,NA,NA,NA,NA,6,22,10675,538,NA,4,48,182,127,11,170,0,NA,NA,NA,NA,3,NA,0,16,NA,NA,NA,NA,NA,4744,NA,TRUE,1,0,1,0,NA
"temp",3393970451,22,25,10,7,1,TRUE,55,0,list(c(5015, 5017, 5017, 5015, 5017, 5018, 5017, 5016, 5016, 6009, 5016, 5018, 5016, 5015, 5907, 5015, 5018, 6357)),NA,NA,12,11,0,0,NA,NA,NA,NA,5,4,33537,740,NA,4,42,108,36,50,127,125,NA,NA,NA,NA,16,NA,0,23,NA,NA,NA,NA,NA,3213,NA,TRUE,1,0,4,0,NA
"temp",3393970417,22,47,10,0,1,FALSE,16,3,list(c(5015, 5017, 5017, 5015, 5017, 5018, 5017, 5016, 5016)),NA,NA,4,0,0,0,NA,NA,NA,NA,7,2,4125,406,NA,4,0,0,0,0,0,0,NA,NA,NA,NA,5,NA,2,14,NA,NA,NA,NA,NA,25,NA,TRUE,0,1,1,1,NA
"temp",3393970285,22,18,10,7,1,TRUE,43,0,list(c(5015, 5017, 5015, 5017, 5017, 5018, 5016, 5017, 5015, 6009, 5015, 5018, 5016, 5016, 5907)),NA,NA,9,0,0,0,NA,NA,NA,NA,6,4,4943,245,NA,4,11,63,71,154,166,46,NA,NA,NA,NA,3,NA,0,15,NA,NA,NA,NA,NA,2590,NA,TRUE,1,0,1,0,NA
"temp",3393970281,18,3,10,0,1,TRUE,13,129,list(5031),NA,NA,0,0,0,0,NA,NA,NA,NA,2,0,0,0,NA,4,71,0,0,0,0,0,NA,NA,NA,NA,0,NA,0,1,NA,NA,NA,NA,NA,0,NA,FALSE,0,1,0,0,NA
"temp",3393970229,22,12,10,0,1,TRUE,27,130,list(c(5015, 5017, 5015, 5016, 5015, 5018, 5017, 5017, 5015, 5017, 5016, 5018, 5016)),NA,NA,4,0,0,0,NA,NA,NA,NA,5,2,8257,274,NA,4,71,11,50,154,0,0,NA,NA,NA,NA,4,NA,1,13,NA,NA,NA,NA,NA,0,NA,FALSE,0,1,1,0,NA
"temp",3393970128,22,11,10,0,1,TRUE,29,129,list(c(5015, 5017, 5016, 5017, 5015, 5018, 5017, 5017, 5016, 6009, 5016, 5018, 5016, 5015, 5907, 5015)),NA,NA,2,46,71,0,NA,NA,NA,NA,8,1,14155,390,NA,4,50,152,127,252,116,168,NA,NA,NA,NA,7,NA,1,17,NA,NA,NA,NA,NA,0,NA,FALSE,0,1,1,0,NA
"temp",3393970113,22,18,10,0,1,TRUE,18,1,list(c(5017, 5015, 5016, 5017, 5015, 5018, 5017, 5017, 5016, 6009, 5016, 5018, 5016, 5015)),NA,NA,4,0,0,0,NA,NA,NA,NA,5,0,5552,580,NA,4,170,0,11,17,50,127,NA,NA,NA,NA,6,NA,0,14,NA,NA,NA,NA,NA,1984,NA,TRUE,1,0,1,0,NA
"temp",3393970073,22,16,10,7,1,TRUE,47,0,list(c(5015, 5017, 5015, 5016, 5016, 5018, 5016, 5016, 5015, 6405, 5015, 5018, 5017, 5017, 6356, 5017, 5018, 6168)),NA,NA,6,0,0,0,NA,NA,NA,NA,2,9,18643,0,NA,4,100,48,212,235,137,71,NA,NA,NA,NA,12,NA,0,23,NA,NA,NA,NA,NA,2250,NA,TRUE,1,0,6,0,NA
"temp",3393969890,3,29,10,7,1,TRUE,58,1,list(c(5015, 5016, 5017, 5016, 5016, 5018, 5017, 5015, 5016, 6009, 5015, 5018, 5015, 5017, 5907, 5017, 5018, 6168)),NA,NA,8,0,0,0,NA,NA,NA,NA,6,3,26112,707,NA,4,50,112,0,154,137,0,NA,NA,NA,NA,21,NA,0,23,NA,NA,NA,NA,NA,4651,NA,TRUE,1,0,4,0,NA
"temp",3393969856,22,14,10,7,1,TRUE,41,1,list(c(5015, 5017, 5015, 5017, 5017, 5018, 5017, 5016, 5016, 6009, 5016, 5018, 5016, 5015, 5907, 5015)),NA,NA,3,0,0,0,NA,NA,NA,NA,4,0,9530,0,NA,4,249,154,50,0,0,0,NA,NA,NA,NA,9,NA,0,17,NA,NA,NA,NA,NA,2600,NA,TRUE,1,0,2,0,NA
"temp",3393969789,4,27,10,0,1,TRUE,61,2,list(c(5015, 5017, 5017, 5015, 5017, 5018, 5017, 5016, 5016, 6009, 5016, 5018, 5016, 5015, 5907, 5015, 5018, 6357)),NA,NA,9,0,0,0,NA,NA,NA,NA,6,1,22759,588,NA,4,102,152,252,48,127,8,NA,NA,NA,NA,15,NA,0,21,NA,NA,NA,NA,NA,2369,NA,TRUE,1,0,3,0,NA
"temp",3393969760,22,2,10,0,1,TRUE,4,2,list(c(5015, 5016, 5015)),NA,NA,0,0,0,0,NA,NA,NA,NA,1,0,59,0,NA,4,151,237,239,240,29,46,NA,NA,NA,NA,1,NA,0,3,NA,NA,NA,NA,NA,1394,NA,TRUE,1,0,0,0,NA
"temp",3393987432,21,0,2,8,1,TRUE,2,128,list(c(5015, 5017, 5017)),NA,NA,0,0,0,0,NA,NA,NA,NA,2,2,462,0,NA,4,44,182,11,39,0,0,NA,NA,NA,NA,0,NA,0,3,NA,NA,NA,NA,NA,0,NA,FALSE,0,1,0,0,NA
"temp",3393969676,22,37,10,0,1,FALSE,20,4,list(c(5016, 5017, 5015, 5016, 5017, 5018, 5017, 5016, 5017, 6405, 5016, 5018)),NA,NA,8,0,0,0,NA,NA,NA,NA,10,0,10518,695,NA,4,239,71,0,0,50,41,NA,NA,NA,NA,2,NA,0,12,NA,NA,NA,NA,NA,0,NA,TRUE,0,1,0,0,NA
"temp",3393969587,22,28,10,0,1,TRUE,46,132,list(c(5015, 5017, 5015, 5017, 5015, 5018, 5015, 5017, 5017, 5016, 6009, 5018, 5016, 5016)),NA,NA,2,0,0,0,NA,NA,NA,NA,5,0,4459,487,NA,4,50,240,182,154,46,0,NA,NA,NA,NA,3,NA,0,14,NA,NA,NA,NA,NA,0,NA,FALSE,0,1,0,0,NA
"temp",3393969581,22,5,10,7,1,TRUE,47,4,list(c(5015, 5017, 5017, 5015, 5017, 5018, 5017, 5015, 5015, 6009, 5016, 5016, 5016, 5016, 5018, 5907, 5018)),NA,NA,9,0,0,0,NA,NA,NA,NA,2,36,17453,620,NA,4,0,50,11,137,71,46,NA,NA,NA,NA,16,NA,0,19,NA,NA,NA,NA,NA,4699,NA,TRUE,1,0,8,0,NA
"temp",3393969476,22,52,10,0,1,FALSE,29,2,list(c(5015, 5017, 5015, 5017, 5017, 5018, 5017, 5016, 5016, 6009, 5016, 5018, 5015, 5016, 5907, 5015)),NA,NA,6,0,0,0,NA,NA,NA,NA,11,0,8648,1027,NA,4,239,152,50,46,252,0,NA,NA,NA,NA,3,NA,0,17,NA,NA,NA,NA,NA,298,NA,TRUE,0,1,0,0,NA
"temp",3393969359,3,42,10,7,1,FALSE,17,128,list(c(5015, 5017, 5017, 5016, 5017, 5018, 5017, 5015, 5016, 6009, 5015, 5018, 5016, 5016, 5907, 5015, 5018, 6168)),NA,NA,9,11,0,0,NA,NA,NA,NA,2,21,33487,936,NA,4,63,41,212,137,114,71,NA,NA,NA,NA,25,NA,0,22,NA,NA,NA,NA,NA,10357,NA,FALSE,1,0,11,0,NA
"temp",3393969345,4,11,10,0,1,TRUE,44,2,list(c(5016, 5017, 5015, 5015, 5016, 5018, 5017, 5017, 5015, 6405, 5017, 5018, 5016, 5015, 5907, 5016, 5018, 6168)),NA,NA,12,0,0,0,NA,NA,NA,NA,4,15,36649,496,NA,4,50,143,152,137,30,10,NA,NA,NA,NA,23,NA,0,23,NA,NA,NA,NA,NA,4798,NA,TRUE,1,0,7,0,NA
"temp",3393969338,22,26,10,7,1,TRUE,53,128,list(c(5015, 5017, 5015, 5017, 5016, 5018, 5016, 5016, 5016, 6009, 5017, 5018, 5015, 5015, 5907, 5017)),NA,NA,5,0,0,0,NA,NA,NA,NA,8,4,6287,271,NA,4,65,50,239,154,182,7,NA,NA,NA,NA,6,NA,0,16,NA,NA,NA,NA,NA,0,NA,FALSE,0,1,1,0,NA
"temp",3393986982,22,1,10,0,1,TRUE,0,129,list(5015),NA,NA,0,0,0,0,NA,NA,NA,NA,0,1,0,0,NA,4,71,241,16,241,237,42,NA,NA,NA,NA,0,NA,1,2,NA,NA,NA,NA,NA,0,NA,FALSE,0,1,0,0,NA
"temp",3393969037,4,38,10,0,1,FALSE,31,129,list(c(5015, 5017, 5015, 5017, 5017, 5018, 5015, 5017, 5016, 5016, 6009, 5015, 5018, 5016, 5016, 6356, 5018, 6357)),NA,NA,7,0,0,0,NA,NA,NA,NA,10,9,18575,1671,NA,4,127,208,71,63,154,21,NA,NA,NA,NA,15,NA,0,21,NA,NA,NA,NA,NA,4656,NA,FALSE,1,0,2,0,NA
"temp",3393968991,22,15,10,7,1,TRUE,42,130,list(c(5015, 5017, 5015, 5016, 5017, 5018, 5015, 5016, 5017, 6405, 5017, 5018, 5016, 5016, 6356)),NA,NA,5,0,0,0,NA,NA,NA,NA,8,1,13978,831,NA,4,127,162,40,239,63,0,NA,NA,NA,NA,1,NA,0,15,NA,NA,NA,NA,NA,211,NA,FALSE,0,1,0,0,NA
"temp",3393968962,4,20,10,0,1,TRUE,25,129,list(c(5015, 5017)),NA,NA,3,0,0,0,NA,NA,NA,NA,4,0,1570,268,NA,4,0,0,0,0,0,0,NA,NA,NA,NA,2,NA,1,7,NA,NA,NA,NA,NA,0,NA,FALSE,0,1,1,0,NA
"temp",3393968829,22,33,10,7,1,FALSE,20,130,list(c(5015, 5017, 5017, 5015, 5016, 5018, 5017, 5017, 5016, 5015, 5015, 5018, 5016, 5016, 6009, 5907, 5018, 6168)),NA,NA,9,0,0,0,NA,NA,NA,NA,6,11,26299,842,NA,4,50,116,170,137,11,182,NA,NA,NA,NA,12,NA,0,23,NA,NA,NA,NA,NA,5015,NA,FALSE,1,0,3,0,NA
"temp",3393968767,22,45,10,0,1,FALSE,13,129,list(c(5016, 5015, 5017, 5016, 5015, 5018, 5016, 5017, 5015, 5017, 5016, 5018, 5017)),NA,NA,4,0,0,0,NA,NA,NA,NA,4,2,2397,0,NA,4,63,127,166,46,0,0,NA,NA,NA,NA,1,NA,2,13,NA,NA,NA,NA,NA,541,NA,FALSE,1,0,1,1,NA
"temp",3393968725,22,18,10,0,1,FALSE,15,4,list(c(5015, 5017, 5017, 5016, 5017, 5018, 5017, 5016, 5016, 6405, 5016, 5018, 5015)),NA,NA,2,0,0,0,NA,NA,NA,NA,3,0,4595,519,NA,4,50,65,239,46,71,127,NA,NA,NA,NA,6,NA,1,13,NA,NA,NA,NA,NA,311,NA,TRUE,0,1,2,0,NA
"temp",3393968691,22,32,10,0,1,FALSE,10,130,list(c(5015, 5017, 5015, 5017, 5017, 5018, 5017, 5016, 5016, 6009, 5016, 5018, 5016, 5015, 6356, 5015, 5018, 6357)),NA,NA,7,0,0,0,NA,NA,NA,NA,3,28,11476,686,NA,4,116,71,249,46,252,50,NA,NA,NA,NA,7,NA,0,23,NA,NA,NA,NA,NA,4187,NA,FALSE,1,0,3,0,NA
"temp",3393968665,22,24,10,7,1,TRUE,45,132,list(c(5017, 5015, 5016, 5015, 5017, 5018, 5017, 5015, 6009, 5017, 5018, 5015, 5016, 5907)),NA,NA,1,0,0,0,NA,NA,NA,NA,10,4,17652,1059,NA,4,127,11,48,0,182,0,NA,NA,NA,NA,9,NA,2,19,NA,NA,NA,NA,NA,194,NA,FALSE,0,1,0,1,NA
"temp",3394075758,4,40,10,0,1,FALSE,27,0,list(c(5015, 5017, 5017, 5015, 5017, 5018, 5016, 5017, 5016, 6009, 5016, 5018, 5016, 6356, 5015, 5015, 5018, 6168)),NA,NA,6,0,0,0,NA,NA,NA,NA,11,17,22377,783,NA,4,212,127,63,11,137,252,NA,NA,NA,NA,14,NA,0,21,NA,NA,NA,NA,NA,1007,NA,TRUE,0,1,1,0,NA
"temp",3394094596,22,6,10,0,1,FALSE,2,0,list(c(5017, 5015, 5016, 5017)),NA,NA,0,0,0,0,NA,NA,NA,NA,1,0,1621,0,NA,4,44,182,50,18,0,0,NA,NA,NA,NA,2,NA,1,4,NA,NA,NA,NA,NA,96,NA,TRUE,0,1,1,0,NA
"temp",3394094413,4,13,10,0,1,TRUE,28,130,list(c(5015, 5016, 5016, 5017, 5017, 5018, 5016, 5016, 5017, 5017, 5015, 5018)),NA,NA,2,0,0,0,NA,NA,NA,NA,4,1,9454,0,NA,4,11,71,1,0,63,0,NA,NA,NA,NA,5,NA,0,12,NA,NA,NA,NA,NA,335,NA,FALSE,0,1,1,0,NA
"temp",3394092150,21,0,2,8,1,TRUE,0,0,list(c(5015, 5017, 5017, 5016, 5017, 5018, 5017, 5015)),NA,NA,0,0,0,0,NA,NA,NA,NA,0,3,527,0,NA,4,71,16,237,212,50,0,NA,NA,NA,NA,0,NA,0,8,NA,NA,NA,NA,NA,711,NA,TRUE,1,0,0,0,NA
"temp",3394091869,5,3,10,0,1,TRUE,2,129,list(c(5015, 5017)),NA,NA,0,0,0,0,NA,NA,NA,NA,0,1,0,0,NA,4,27,56,0,0,0,0,NA,NA,NA,NA,0,NA,0,3,NA,NA,NA,NA,NA,0,NA,FALSE,0,1,0,0,NA
"temp",3394091097,3,3,10,7,1,TRUE,8,0,list(c(5015, 5017, 5016, 5017, 5017, 5018)),NA,NA,4,0,0,0,NA,NA,NA,NA,0,0,633,0,NA,4,48,0,239,0,0,0,NA,NA,NA,NA,0,NA,0,6,NA,NA,NA,NA,NA,1264,NA,TRUE,1,0,4,0,NA
"temp",3394090925,22,8,10,0,1,TRUE,17,0,list(c(5015, 5017, 5015, 5017, 5017, 5018, 5017, 5016, 5016, 6009, 5016, 5018, 5016)),NA,NA,3,0,0,0,NA,NA,NA,NA,1,6,5978,0,NA,4,239,154,50,0,0,0,NA,NA,NA,NA,6,NA,0,13,NA,NA,NA,NA,NA,1256,NA,TRUE,1,0,4,0,NA
"temp",3394089931,22,6,10,7,1,TRUE,30,0,list(c(5016, 5015, 5017, 5015, 5015, 5018, 5016, 5016, 5017, 5017, 5016, 5018, 5017, 5015, 6009)),NA,NA,1,0,0,0,NA,NA,NA,NA,1,6,11723,0,NA,4,104,239,71,137,63,170,NA,NA,NA,NA,15,NA,0,15,NA,NA,NA,NA,NA,4108,NA,TRUE,1,0,8,0,NA
"temp",3394089341,22,0,10,0,1,TRUE,16,131,list(c(5016, 5015, 5017, 5015, 5015)),NA,NA,0,0,0,0,NA,NA,NA,NA,5,0,1663,395,NA,4,239,127,18,29,0,0,NA,NA,NA,NA,0,NA,1,5,NA,NA,NA,NA,NA,0,NA,FALSE,0,1,0,0,NA
"temp",3394088697,22,10,10,7,1,TRUE,35,1,list(c(5015, 5017, 5015, 5017, 5015, 5018, 5016, 5015, 5017, 5017, 5016, 5018, 5016, 5016, 6405, 5907)),NA,NA,8,0,0,0,NA,NA,NA,NA,1,28,13060,1054,NA,4,63,38,154,239,116,46,NA,NA,NA,NA,7,NA,0,17,NA,NA,NA,NA,NA,2998,NA,TRUE,1,0,7,0,NA
"temp",3394088682,22,43,10,0,1,FALSE,9,129,list(c(5015, 5017, 5016, 5017, 5017, 5018, 5017, 5015, 5015, 6405, 5016, 5018, 5015, 5016, 5907, 5016)),NA,NA,9,0,0,0,NA,NA,NA,NA,2,13,20122,442,NA,4,239,170,152,158,0,50,NA,NA,NA,NA,17,NA,0,17,NA,NA,NA,NA,NA,3568,NA,FALSE,1,0,8,0,NA
"temp",3394087853,22,1,10,0,1,TRUE,3,130,list(c(5015, 5017)),NA,NA,0,0,0,0,NA,NA,NA,NA,0,0,58,0,NA,4,239,29,0,0,0,0,NA,NA,NA,NA,0,NA,1,3,NA,NA,NA,NA,NA,0,NA,FALSE,0,1,0,0,NA
"temp",3394087297,22,13,10,0,1,TRUE,3,131,list(c(5017, 5016, 5015, 5016, 5015, 5018, 5017, 5016, 5016)),NA,NA,2,0,0,0,NA,NA,NA,NA,3,3,4935,503,NA,4,63,182,11,170,0,0,NA,NA,NA,NA,4,NA,1,9,NA,NA,NA,NA,NA,357,NA,FALSE,0,1,1,0,NA
"temp",3394087110,1,5,5,4,1,TRUE,50,4,list(c(5016, 5017, 5016, 5015, 5016, 5018, 5016, 5017, 5017, 6405, 5017, 5018, 5015)),NA,NA,19,0,0,0,NA,NA,NA,NA,1,1,8850,262,NA,4,65,71,11,29,137,0,NA,NA,NA,NA,4,NA,0,13,NA,NA,NA,NA,NA,252,NA,TRUE,1,0,11,0,NA
"temp",3394087086,4,7,10,0,1,TRUE,49,132,list(c(5015, 5016, 5017, 5017, 5015, 5018, 5017)),NA,NA,4,0,0,0,NA,NA,NA,NA,14,0,5070,944,NA,4,44,71,11,50,4,0,NA,NA,NA,NA,1,NA,0,7,NA,NA,NA,NA,NA,90,NA,FALSE,0,1,0,0,NA
"temp",3394086952,1,66,5,4,1,FALSE,18,2,list(NULL),NA,NA,9,0,0,0,NA,NA,NA,NA,16,5,6413,1290,NA,4,154,36,50,46,127,0,NA,NA,NA,NA,7,NA,NA,17,NA,NA,NA,NA,NA,27,NA,TRUE,0,1,0,0,NA
"temp",3394086945,22,9,10,0,1,TRUE,28,131,list(c(5015, 5017, 5015, 5017, 5015, 5018, 5017, 5015, 5017, 5016, 5016, 6009, 5018)),NA,NA,4,0,0,0,NA,NA,NA,NA,2,1,1125,556,NA,4,7,50,182,239,252,244,NA,NA,NA,NA,1,NA,0,13,NA,NA,NA,NA,NA,0,NA,FALSE,0,1,1,0,NA
"temp",3394102484,20,0,10,0,1,TRUE,31,131,list(NULL),NA,NA,0,0,0,0,NA,NA,NA,NA,9,0,0,0,NA,4,0,0,0,0,0,0,NA,NA,NA,NA,0,NA,0,2,NA,NA,NA,NA,NA,0,NA,FALSE,0,1,0,0,NA
"temp",3394086339,22,17,10,0,1,TRUE,43,130,list(c(5015, 5016, 5015, 5017, 5016, 5018, 5017, 5016, 5016, 6405, 5017)),NA,NA,8,16,0,0,NA,NA,NA,NA,13,2,9520,892,NA,4,34,182,11,50,41,25,NA,NA,NA,NA,3,NA,0,11,NA,NA,NA,NA,NA,149,NA,FALSE,0,1,0,0,NA
"temp",3394086297,22,5,10,0,1,FALSE,7,3,list(c(5015, 5017, 5015, 5017, 5016, 5018, 5015)),NA,NA,0,0,0,0,NA,NA,NA,NA,5,1,7155,418,NA,4,182,50,239,152,46,170,NA,NA,NA,NA,5,NA,1,7,NA,NA,NA,NA,NA,0,NA,TRUE,0,1,0,0,NA
"temp",3394086076,3,33,10,7,1,FALSE,11,128,list(c(5015, 5017, 5015, 5017, 5017, 5018, 5017, 5016, 5016, 6405, 5016, 5018, 5016, 5015, 5907, 5015, 5018)),NA,NA,6,0,182,0,NA,NA,NA,NA,2,4,13557,1042,NA,4,63,116,127,65,154,46,NA,NA,NA,NA,10,NA,0,18,NA,NA,NA,NA,NA,1096,NA,FALSE,1,0,5,0,NA
"temp",3394085820,18,0,10,0,1,TRUE,1,3,list(c(5519, 5400, 5519)),NA,NA,0,0,0,0,NA,NA,NA,NA,0,0,277,0,NA,4,44,182,16,16,34,0,NA,NA,NA,NA,0,NA,1,3,NA,NA,NA,NA,NA,0,NA,TRUE,1,0,0,0,NA
"temp",3394084693,22,23,10,0,1,FALSE,13,130,list(c(5017, 5015, 5017, 5015, 5016, 5018, 5017, 5016, 5017, 6009, 5015, 5018, 5016, 5016)),NA,NA,9,0,0,0,NA,NA,NA,NA,5,12,9071,517,NA,4,102,50,127,0,71,0,NA,NA,NA,NA,5,NA,0,14,NA,NA,NA,NA,NA,813,NA,FALSE,1,0,2,0,NA
"temp",3394084646,22,2,10,0,1,TRUE,56,4,list(c(5015, 5017, 5015, 5016, 5015, 5018, 5015, 5017, 5016, 6009, 5016, 5018, 5016)),NA,NA,8,0,0,0,NA,NA,NA,NA,2,1,15476,0,NA,4,63,182,170,25,137,46,NA,NA,NA,NA,15,NA,0,13,NA,NA,NA,NA,NA,2206,NA,TRUE,1,0,7,0,NA
"temp",3394084502,4,19,10,0,1,FALSE,20,129,list(c(5015, 5017, 5016, 5015, 5015, 5018, 5017, 5017, 5017, 6009, 5016, 5018, 5015, 5016, 5907, 5016)),NA,NA,4,46,16,0,NA,NA,NA,NA,2,0,10716,365,NA,4,71,127,137,29,166,29,NA,NA,NA,NA,7,NA,0,16,NA,NA,NA,NA,NA,3523,NA,FALSE,1,0,3,0,NA
"temp",3394083650,3,6,10,7,1,TRUE,38,4,list(c(5015, 5017, 5015, 5017, 5016, 5018, 5017, 5017, 5015, 6405, 5015, 5018, 5016, 5016, 6356, 5016, 5018)),NA,NA,12,0,0,0,NA,NA,NA,NA,1,38,15665,1160,NA,4,50,11,71,137,65,154,NA,NA,NA,NA,13,NA,0,19,NA,NA,NA,NA,NA,6116,NA,TRUE,1,0,12,0,NA
"temp",3394102325,18,3,10,0,1,FALSE,1,128,list(c(5548, 5076, 5042)),NA,NA,0,0,0,0,NA,NA,NA,NA,1,0,813,0,NA,4,182,11,44,38,46,0,NA,NA,NA,NA,0,NA,0,3,NA,NA,NA,NA,NA,0,NA,FALSE,1,0,0,0,NA
"temp",3394083487,4,37,10,0,1,FALSE,12,131,list(c(5015, 5017, 5015, 5017, 5017, 5018, 5017, 5016, 5016, 6009, 5016, 5018, 5016, 5015, 5907)),NA,NA,5,0,0,0,NA,NA,NA,NA,2,0,5036,0,NA,4,50,182,249,239,252,0,NA,NA,NA,NA,7,NA,0,15,NA,NA,NA,NA,NA,1696,NA,FALSE,1,0,4,0,NA
"temp",3394083082,22,12,10,0,1,TRUE,16,1,list(c(5015, 5017, 5015, 5017, 5016, 5018, 5017, 5017, 5016, 6405, 5015, 5018, 5016, 5015)),NA,NA,7,0,0,0,NA,NA,NA,NA,1,13,4816,132,NA,4,152,63,139,0,0,0,NA,NA,NA,NA,1,NA,0,14,NA,NA,NA,NA,NA,3605,NA,TRUE,1,0,4,0,NA
"temp",3394082974,22,13,10,0,1,TRUE,38,2,list(c(5017, 5015, 5016, 5015, 5015, 5018, 5015, 5016, 5017, 5017, 5017, 5018, 5016, 5016)),NA,NA,4,0,0,0,NA,NA,NA,NA,4,2,5450,480,NA,4,50,65,127,46,11,265,NA,NA,NA,NA,5,NA,0,14,NA,NA,NA,NA,NA,883,NA,TRUE,1,0,1,0,NA
"temp",3394082509,22,15,10,0,1,TRUE,40,128,list(c(5016, 5017, 5015, 5016, 5016, 5018, 5017, 5016, 5017, 6009, 5017, 5018, 5015, 5907, 5015, 5015, 5018, 6357)),NA,NA,1,0,0,0,NA,NA,NA,NA,9,0,22541,937,NA,4,63,137,71,154,0,127,NA,NA,NA,NA,14,NA,0,20,NA,NA,NA,NA,NA,0,NA,FALSE,0,1,1,0,NA
"temp",3394082503,4,17,10,0,1,TRUE,84,1,list(c(5016, 5017, 5015, 5016, 5017, 5018, 5015, 5015, 5016, 5015, 5016, 5017, 5018, 5017, 6009, 6356)),NA,NA,24,0,0,0,NA,NA,NA,NA,4,2,27503,155,NA,4,154,137,48,0,0,0,NA,NA,NA,NA,31,NA,0,16,NA,NA,NA,NA,NA,3468,NA,TRUE,1,0,11,0,NA
"temp",3394082276,4,19,10,0,1,TRUE,45,132,list(c(5015, 5017, 5015, 5016, 5017, 5018, 5017, 5017, 5015, 6009, 5018, 5015, 5016)),NA,NA,4,0,0,0,NA,NA,NA,NA,7,6,10824,1048,NA,4,170,252,0,50,0,0,NA,NA,NA,NA,3,NA,0,13,NA,NA,NA,NA,NA,271,NA,FALSE,0,1,0,0,NA
"temp",3394082265,22,44,10,0,1,FALSE,21,131,list(c(5015, 5016, 5017, 5015, 5016, 5018, 5017, 5017, 5017, 6009, 5015, 5018, 5016, 5016)),NA,NA,10,0,0,0,NA,NA,NA,NA,3,1,7947,399,NA,4,127,46,239,50,108,170,NA,NA,NA,NA,4,NA,0,14,NA,NA,NA,NA,NA,2638,NA,FALSE,1,0,3,0,NA
"temp",3394082001,22,16,10,0,1,TRUE,30,128,list(c(5016, 5017, 5016, 5015, 5016, 5018, 5016, 5017, 5017)),NA,NA,2,0,0,0,NA,NA,NA,NA,7,0,6104,543,NA,4,0,0,0,0,0,0,NA,NA,NA,NA,1,NA,1,10,NA,NA,NA,NA,NA,0,NA,FALSE,0,1,0,0,NA
"temp",3394081221,22,20,10,0,1,TRUE,32,132,list(c(5015, 5016, 5017, 5015, 5016, 5018, 5015, 5017, 5016, 6405, 5015, 5018, 5017, 5017, 6356)),NA,NA,5,0,0,0,NA,NA,NA,NA,4,0,11907,554,NA,4,63,0,0,239,127,0,NA,NA,NA,NA,6,NA,0,17,NA,NA,NA,NA,NA,0,NA,FALSE,0,1,2,0,NA
"temp",3394100607,21,2,2,8,1,FALSE,0,0,list(c(5015, 5017, 5016, 5016, 5015)),NA,NA,0,0,0,0,NA,NA,NA,NA,2,8,920,300,NA,4,244,0,11,16,71,265,NA,NA,NA,NA,0,NA,0,5,NA,NA,NA,NA,NA,0,NA,TRUE,0,1,0,0,NA
"temp",3394080923,22,8,10,0,1,TRUE,31,129,list(c(5015, 5016, 5015, 5017, 5015, 5018, 5015, 5016, 5016, 5016, 5017, 5018, 5017)),NA,NA,3,0,0,0,NA,NA,NA,NA,5,0,6699,654,NA,4,63,127,239,71,0,0,NA,NA,NA,NA,1,NA,0,13,NA,NA,NA,NA,NA,0,NA,FALSE,0,1,0,0,NA
"temp",3394080839,22,7,10,7,1,TRUE,17,131,list(c(5015, 5017, 5017, 5016, 5017, 5018, 5017)),NA,NA,1,0,0,0,NA,NA,NA,NA,1,0,238,0,NA,4,0,0,0,0,0,102,NA,NA,NA,NA,0,NA,0,8,NA,NA,NA,NA,NA,0,NA,FALSE,0,1,0,0,NA
"temp",3394080824,22,9,10,0,1,FALSE,3,1,list(c(5015, 5016, 5016)),NA,NA,1,0,0,0,NA,NA,NA,NA,2,0,20,152,NA,4,239,44,29,2,0,0,NA,NA,NA,NA,0,NA,3,3,NA,NA,NA,NA,NA,0,NA,TRUE,0,1,0,1,NA
"temp",3394080465,22,15,10,7,1,FALSE,5,129,list(c(5015, 5017, 5015, 5016, 5015, 5018, 5015, 5016, 5017, 5017, 5017, 5018, 5016, 6405)),NA,NA,5,0,0,0,NA,NA,NA,NA,2,6,6522,212,NA,4,239,44,48,252,137,46,NA,NA,NA,NA,7,NA,0,14,NA,NA,NA,NA,NA,6112,NA,FALSE,1,0,4,0,NA
"temp",3394080455,22,69,10,0,1,FALSE,26,2,list(c(5016, 5015, 5016, 5017, 5016, 5018, 5016, 5015, 5017, 5017, 6009, 5018, 5017, 5015)),NA,NA,7,0,0,0,NA,NA,NA,NA,17,0,11506,1309,NA,4,0,8,240,26,0,0,NA,NA,NA,NA,3,NA,0,14,NA,NA,NA,NA,NA,378,NA,TRUE,0,1,0,0,NA
"temp",3394080353,22,9,10,0,1,TRUE,26,4,list(c(5015, 5017, 5017, 5016, 5017, 5018, 5017, 5015, 5015, 6405, 5016, 5018, 5015, 5016, 5016, 5907, 5018)),NA,NA,10,0,0,0,NA,NA,NA,NA,3,2,13313,1700,NA,4,46,239,63,71,0,154,NA,NA,NA,NA,6,NA,0,18,NA,NA,NA,NA,NA,4125,NA,TRUE,1,0,4,0,NA
"temp",3394080342,22,19,10,7,1,FALSE,9,3,list(c(5015, 5016, 5017, 5015, 5015, 5018, 5015, 5017, 5017, 6405)),NA,NA,5,0,0,0,NA,NA,NA,NA,4,3,4545,464,NA,4,63,239,127,0,182,0,NA,NA,NA,NA,1,NA,1,10,NA,NA,NA,NA,NA,58,NA,TRUE,0,1,1,0,NA
"temp",3394098768,22,8,10,0,1,FALSE,3,132,list(c(5015, 5017, 5017, 5015, 5017, 5018, 5017, 5016)),NA,NA,0,0,0,0,NA,NA,NA,NA,2,5,4920,0,NA,4,0,11,71,50,46,0,NA,NA,NA,NA,4,NA,0,8,NA,NA,NA,NA,NA,172,NA,FALSE,1,0,1,0,NA
"temp",3394080300,22,15,10,0,1,TRUE,40,3,list(c(5016, 5015, 5017, 5017, 5017, 5018, 5017, 5015, 5015, 6009, 5015, 5018, 5016)),NA,NA,6,0,0,0,NA,NA,NA,NA,3,0,4839,212,NA,4,50,154,51,0,0,0,NA,NA,NA,NA,4,NA,0,13,NA,NA,NA,NA,NA,1931,NA,TRUE,1,0,2,0,NA
"temp",3394080205,22,11,10,7,1,TRUE,25,2,list(c(5015, 5017, 5015, 5016, 5015, 5018, 5015, 5017, 5017, 6009, 5017, 5018, 5016)),NA,NA,7,0,0,0,NA,NA,NA,NA,5,13,6796,736,NA,4,154,71,152,63,127,46,NA,NA,NA,NA,1,NA,0,13,NA,NA,NA,NA,NA,5329,NA,TRUE,1,0,1,0,NA
"temp",3394080182,22,9,10,7,1,TRUE,33,0,list(c(5017, 5015, 5016, 5017, 5017, 5018, 5017, 5016, 5016, 6405, 5016, 5018, 5015, 5015, 5907)),NA,NA,7,16,0,0,NA,NA,NA,NA,2,6,9061,980,NA,4,204,71,50,46,11,34,NA,NA,NA,NA,9,NA,0,15,NA,NA,NA,NA,NA,1108,NA,TRUE,1,0,5,0,NA
"temp",3394079900,22,13,10,7,1,TRUE,31,2,list(c(5015, 5017, 5015, 5016, 5016, 5016, 5015, 5016, 5017, 6009, 5015, 5017, 5018, 5017, 5907, 5018, 5018, 6168)),NA,NA,4,0,0,0,NA,NA,NA,NA,1,1,12536,0,NA,4,137,63,65,127,154,139,NA,NA,NA,NA,9,NA,0,22,NA,NA,NA,NA,NA,10089,NA,TRUE,1,0,6,0,NA
"temp",3394079603,22,24,10,0,1,FALSE,14,4,list(c(5015, 5017, 5015, 5016, 5016, 5018, 5016, 5017, 5016, 6009, 5017, 5018, 5015, 5015, 5018, 5907, 5017)),NA,NA,1,0,0,0,NA,NA,NA,NA,11,0,12298,2240,NA,4,50,114,154,208,0,0,NA,NA,NA,NA,9,NA,0,18,NA,NA,NA,NA,NA,0,NA,TRUE,0,1,0,0,NA
"temp",3394079398,22,6,10,0,1,TRUE,25,132,list(c(5017, 5015, 5016, 5017, 5017, 5018)),NA,NA,0,0,0,0,NA,NA,NA,NA,5,0,434,163,NA,4,0,0,0,0,0,0,NA,NA,NA,NA,0,NA,1,6,NA,NA,NA,NA,NA,28,NA,FALSE,0,1,0,0,NA
"temp",3394078990,22,40,10,7,1,FALSE,12,132,list(c(5015, 5017, 5017, 5015, 5017, 5018, 5017, 5015, 5016, 6009, 5015, 5018, 5016, 5016, 5907, 5016, 5018, 6168)),NA,NA,3,0,0,0,NA,NA,NA,NA,2,38,32024,300,NA,4,50,11,168,127,152,154,NA,NA,NA,NA,26,NA,0,24,NA,NA,NA,NA,NA,10673,NA,FALSE,1,0,9,0,NA
"temp",3394078983,22,46,10,0,1,FALSE,28,131,list(c(5015, 5017, 5015, 5017, 5017, 5018, 5017, 5016, 5016, 6009, 5016, 5018, 5016, 5015)),NA,NA,4,0,0,0,NA,NA,NA,NA,6,1,5337,480,NA,4,249,50,182,252,244,239,NA,NA,NA,NA,6,NA,0,14,NA,NA,NA,NA,NA,670,NA,FALSE,1,0,1,0,NA
"temp",3394078912,22,48,10,0,1,FALSE,17,1,list(c(5017, 5015, 5016, 5017, 5017, 5018, 5017, 5015, 6009, 5015)),NA,NA,2,0,0,0,NA,NA,NA,NA,14,0,3387,675,NA,4,182,44,244,143,0,0,NA,NA,NA,NA,1,NA,0,10,NA,NA,NA,NA,NA,0,NA,TRUE,0,1,0,0,NA
"temp",3394078866,22,10,10,7,1,TRUE,32,3,list(c(5015, 5016, 5015, 5017, 5017, 5018, 5017, 5017, 5016, 6009, 5016, 5018, 5016, 5015, 5907, 5015)),NA,NA,11,0,0,0,NA,NA,NA,NA,3,24,18158,523,NA,4,116,63,71,0,212,137,NA,NA,NA,NA,9,NA,0,17,NA,NA,NA,NA,NA,3038,NA,TRUE,1,0,5,0,NA
"temp",3394078823,22,33,10,0,1,FALSE,14,132,list(c(5015, 5017, 5017, 5016, 5017, 5018, 5016, 5016, 5017, 5016, 5018, 6405, 5015, 5015, 6356, 5015, 5018, 6357)),NA,NA,10,11,0,0,NA,NA,NA,NA,1,46,25499,191,NA,4,154,127,55,50,71,116,NA,NA,NA,NA,17,NA,0,24,NA,NA,NA,NA,NA,6342,NA,FALSE,1,0,13,0,NA
"temp",3394078715,22,26,10,0,1,FALSE,21,130,list(c(5015, 5017, 5016, 5015, 5015, 5018, 5017, 5017, 5017, 6405, 5016, 5018, 5015, 5016, 5907, 5016, 5018, 6168)),NA,NA,8,0,0,0,NA,NA,NA,NA,4,6,14268,1431,NA,4,127,63,0,55,25,137,NA,NA,NA,NA,10,NA,0,20,NA,NA,NA,NA,NA,0,NA,FALSE,1,0,3,0,NA
"temp",3394078692,22,17,10,0,1,TRUE,25,0,list(c(5015, 5017, 5017, 5016, 5017, 5018, 5017, 5015, 5015, 6405, 5015, 5018, 5016, 5016, 6356, 5016, 5018, 6357)),NA,NA,10,0,0,0,NA,NA,NA,NA,3,7,21872,1118,NA,4,114,137,24,181,46,63,NA,NA,NA,NA,8,NA,0,21,NA,NA,NA,NA,NA,2801,NA,TRUE,1,0,4,0,NA
"temp",3394078688,22,18,10,0,1,TRUE,34,4,list(c(5015, 5017, 5015, 5016, 5016, 5018, 5016, 5016, 5015, 5017, 5017, 5018, 5017, 6009, 5907)),NA,NA,6,0,0,0,NA,NA,NA,NA,7,2,6193,475,NA,4,239,50,116,18,0,0,NA,NA,NA,NA,0,NA,0,15,NA,NA,NA,NA,NA,441,NA,TRUE,1,0,0,0,NA
"temp",3394078512,22,22,10,7,1,TRUE,40,4,list(c(5015, 5017, 5017, 5015, 5017, 5018, 5017, 5016, 5016, 6009, 5016, 5018, 5016, 5015, 5907, 5015, 5018)),NA,NA,7,0,0,0,NA,NA,NA,NA,4,34,14809,745,NA,4,50,123,127,11,137,46,NA,NA,NA,NA,13,NA,0,19,NA,NA,NA,NA,NA,3549,NA,TRUE,1,0,4,0,NA
"temp",3394078415,22,7,10,7,1,TRUE,31,0,list(c(5015, 5017, 5016, 5017, 5016, 5018, 5017, 5017, 5016, 6009, 5015, 5018, 5016, 5015, 5907, 5015, 5018)),NA,NA,10,0,0,0,NA,NA,NA,NA,0,10,10656,0,NA,4,65,1,50,154,11,112,NA,NA,NA,NA,9,NA,0,18,NA,NA,NA,NA,NA,8256,NA,TRUE,1,0,19,0,NA
"temp",3394078130,22,23,10,0,1,TRUE,49,1,list(c(5015, 5017, 5016, 5017, 5015, 5018, 5017, 5017, 5015, 5015, 5016, 5018, 5016, 6405, 5907, 5016, 5018, 6168)),NA,NA,8,46,188,265,NA,NA,NA,NA,5,17,12052,1930,NA,4,239,210,36,63,249,71,NA,NA,NA,NA,7,NA,0,22,NA,NA,NA,NA,NA,8353,NA,TRUE,1,0,2,0,NA
"temp",3394077935,22,13,10,0,1,TRUE,26,1,list(c(5016, 5017, 5015, 5016, 5017, 5018, 5016, 5017, 5017, 6009, 5016, 5018, 5015)),NA,NA,6,0,0,0,NA,NA,NA,NA,3,0,9064,216,NA,4,50,249,11,182,181,0,NA,NA,NA,NA,8,NA,0,13,NA,NA,NA,NA,NA,376,NA,TRUE,1,0,3,0,NA
"temp",3394077857,4,17,10,0,1,TRUE,51,3,list(c(5015, 5017, 5017, 5016, 5017, 5018, 5017, 5016, 5016, 5015, 5016, 5018, 6009, 5015, 6356, 5015, 5018, 6357)),NA,NA,13,0,0,0,NA,NA,NA,NA,6,1,24721,1825,NA,4,48,154,127,108,0,0,NA,NA,NA,NA,13,NA,0,21,NA,NA,NA,NA,NA,1991,NA,TRUE,1,0,3,0,NA
"temp",3394077853,22,22,10,7,1,TRUE,46,0,list(c(5015, 5017, 5017, 5015, 5017, 5018, 5017, 5015, 5015, 5016, 6009, 5018, 5016, 5016, 5907, 5016, 5018)),NA,NA,13,0,0,0,NA,NA,NA,NA,4,2,22587,619,NA,4,204,102,127,50,46,239,NA,NA,NA,NA,13,NA,0,19,NA,NA,NA,NA,NA,2637,NA,TRUE,1,0,5,0,NA
"temp",3394095866,22,11,10,0,1,TRUE,14,129,list(c(5015, 5017)),NA,NA,2,0,0,0,NA,NA,NA,NA,3,2,284,240,NA,4,0,0,0,0,0,0,NA,NA,NA,NA,1,NA,2,4,NA,NA,NA,NA,NA,0,NA,FALSE,0,1,0,1,NA
"temp",3394077768,22,18,10,0,1,TRUE,49,128,list(c(5015, 5017, 5015, 5016, 5015, 5018, 5015, 5017, 5016, 6405, 5017, 5018, 5017, 5016)),NA,NA,8,0,0,0,NA,NA,NA,NA,9,6,7699,1080,NA,4,63,100,0,11,182,0,NA,NA,NA,NA,0,NA,0,14,NA,NA,NA,NA,NA,0,NA,FALSE,0,1,0,0,NA
"temp",3394077415,22,19,10,0,1,TRUE,37,132,list(c(5015, 5017, 5015, 5016, 5016, 5018, 5017, 5016, 5017, 6405, 5016, 5018, 5017, 5015)),NA,NA,11,0,0,0,NA,NA,NA,NA,6,0,12946,250,NA,4,63,65,182,0,239,127,NA,NA,NA,NA,3,NA,0,14,NA,NA,NA,NA,NA,0,NA,FALSE,0,1,2,0,NA
"temp",3394077308,22,19,10,7,1,TRUE,43,132,list(c(5015, 5017, 5016, 5016, 5016, 5018, 5016, 5017, 5017, 5015, 6405, 5015, 5018, 5017, 5907, 5015)),NA,NA,4,0,0,0,NA,NA,NA,NA,8,0,10970,1124,NA,4,127,239,48,65,169,18,NA,NA,NA,NA,2,NA,0,16,NA,NA,NA,NA,NA,141,NA,FALSE,0,1,0,0,NA
"temp",3394077287,22,17,10,7,1,TRUE,53,2,list(c(5015, 5017, 5015, 5017, 5017, 5018, 5016, 5016, 5017, 6009, 5015, 5018, 5015, 5016, 6356, 5016)),NA,NA,10,0,0,0,NA,NA,NA,NA,6,1,12400,554,NA,4,127,239,154,63,166,0,NA,NA,NA,NA,9,NA,0,17,NA,NA,NA,NA,NA,2393,NA,TRUE,1,0,2,0,NA
"temp",3394077282,1,73,5,4,1,FALSE,16,129,list(c(5015, 5017, 5017, 5015, 5017, 5018, 5017, 5016, 5015, 5016, 6009, 5016, 5018, 5016, 5907, 5015, 5018, 6168)),NA,NA,16,0,11,0,NA,NA,NA,NA,4,4,32825,318,NA,4,139,50,154,181,252,143,NA,NA,NA,NA,25,NA,0,22,NA,NA,NA,NA,NA,9589,NA,FALSE,1,0,8,0,NA
"temp",3394077248,22,5,10,7,1,TRUE,23,3,list(c(5015, 5017, 5017, 5015, 5017, 5018, 5016, 5017, 5016, 6009, 5016, 5018, 5016, 5015, 5907, 5015, 5018)),NA,NA,6,0,0,0,NA,NA,NA,NA,0,44,4855,0,NA,4,252,249,50,46,212,154,NA,NA,NA,NA,4,NA,0,19,NA,NA,NA,NA,NA,10018,NA,TRUE,1,0,10,0,NA
"temp",3394077217,22,41,10,7,1,FALSE,17,0,list(c(5015, 5017, 5015, 5017, 5016, 5018, 5017)),NA,NA,4,0,0,0,NA,NA,NA,NA,7,24,8504,0,NA,4,0,0,0,0,0,0,NA,NA,NA,NA,1,NA,1,13,NA,NA,NA,NA,NA,91,NA,TRUE,0,1,0,0,NA
"temp",3394076926,22,41,10,0,1,FALSE,28,128,list(c(5015, 5016, 5017, 5015, 5015, 5018, 5017, 5017, 5017, 6405, 5016, 5018, 5015, 5016, 5907, 5016, 5018)),NA,NA,1,0,0,0,NA,NA,NA,NA,2,0,4249,0,NA,4,116,71,166,63,170,55,NA,NA,NA,NA,4,NA,0,19,NA,NA,NA,NA,NA,405,NA,FALSE,1,0,1,0,NA
"temp",3394076756,22,1,10,0,1,TRUE,6,129,list(c(5016, 5015, 5016)),NA,NA,0,0,0,0,NA,NA,NA,NA,1,0,1287,286,NA,4,0,63,0,0,0,0,NA,NA,NA,NA,1,NA,1,4,NA,NA,NA,NA,NA,0,NA,FALSE,0,1,0,0,NA
"temp",3394076719,22,61,10,0,1,FALSE,16,1,list(c(5015, 5016, 5015, 5017, 5015, 5018, 5017, 5017, 5015, 5017, 5016, 5018, 5016, 6009, 5016)),NA,NA,11,0,0,0,NA,NA,NA,NA,10,1,10751,2227,NA,4,127,154,63,71,0,0,NA,NA,NA,NA,3,NA,0,15,NA,NA,NA,NA,NA,1054,NA,TRUE,0,1,1,0,NA
"temp",3394076472,4,54,10,0,1,FALSE,19,128,list(c(5015, 5017, 5015, 5017, 5016, 5018, 5015, 5017, 5017, 6405, 5016, 5018, 5015, 5016, 5016, 5907, 5018, 6168)),NA,NA,5,0,0,0,NA,NA,NA,NA,4,0,4447,609,NA,4,239,63,137,154,133,0,NA,NA,NA,NA,1,NA,0,20,NA,NA,NA,NA,NA,2757,NA,FALSE,1,0,1,0,NA
"temp",3394076452,22,17,10,0,1,TRUE,50,3,list(c(5015, 5016, 5017, 5017, 5016, 5018, 5016, 5017, 5016, 6405, 5017, 5018, 5015, 5015, 5907, 5015)),NA,NA,14,0,0,0,NA,NA,NA,NA,3,0,9000,1515,NA,4,71,239,48,170,54,0,NA,NA,NA,NA,4,NA,0,16,NA,NA,NA,NA,NA,2272,NA,TRUE,1,0,4,0,NA
"temp",3394076409,22,7,10,0,1,TRUE,48,128,list(c(5015, 5017, 5015, 5017, 5016, 5018, 5015, 5017, 5015)),NA,NA,5,0,0,0,NA,NA,NA,NA,16,5,4086,1001,NA,4,22,0,0,0,0,0,NA,NA,NA,NA,2,NA,0,9,NA,NA,NA,NA,NA,0,NA,FALSE,0,1,0,0,NA
"temp",3394076401,22,7,10,0,1,TRUE,30,4,list(c(5015, 5017, 5016, 5015, 5015, 5018, 5015, 5017, 5017, 6009, 5017, 5018)),NA,NA,4,0,0,0,NA,NA,NA,NA,2,2,3179,120,NA,4,63,127,65,170,21,0,NA,NA,NA,NA,4,NA,0,12,NA,NA,NA,NA,NA,1126,NA,TRUE,1,0,2,0,NA
"temp",3394076316,22,43,10,7,1,FALSE,23,128,list(c(5015, 5017, 5017, 5015, 5017, 5018, 5017, 5016, 5016, 6405, 5016, 5018, 5016, 5015, 5907, 5015, 5018, 6168)),NA,NA,7,0,0,0,NA,NA,NA,NA,1,18,32903,352,NA,4,160,135,0,63,137,154,NA,NA,NA,NA,30,NA,0,24,NA,NA,NA,NA,NA,13532,NA,FALSE,1,0,18,0,NA
"temp",3394076293,22,18,10,0,1,FALSE,4,130,list(c(5015, 5017, 5015, 5016, 5015, 5018, 5015, 5017, 5016)),NA,NA,1,0,0,0,NA,NA,NA,NA,1,3,2602,231,NA,4,50,65,182,16,16,11,NA,NA,NA,NA,1,NA,0,9,NA,NA,NA,NA,NA,387,NA,FALSE,1,0,1,0,NA
"temp",3394076139,4,42,10,0,1,FALSE,10,130,list(c(5015, 5016, 5016, 5017, 5016, 5018, 5016, 5017, 5017, 6009, 5017, 5018, 5015, 5015, 5907, 5015)),NA,NA,10,0,0,0,NA,NA,NA,NA,6,0,9613,367,NA,4,158,127,46,125,34,29,NA,NA,NA,NA,5,NA,0,17,NA,NA,NA,NA,NA,1372,NA,FALSE,1,0,2,0,NA
"temp",3394076087,22,56,10,7,1,FALSE,21,132,list(c(5015, 5016, 5017, 5017, 5017, 5018, 5017, 5015, 5015, 6405, 5015, 5018, 5016, 5016, 5016, 6356, 5018, 6357, 6121)),NA,NA,15,0,0,0,NA,NA,NA,NA,3,6,24833,125,NA,4,137,127,145,48,154,36,NA,NA,NA,NA,11,NA,0,25,NA,NA,NA,NA,NA,5810,NA,FALSE,1,0,6,0,NA
"temp",3394076011,22,24,10,7,1,TRUE,45,0,list(c(5015, 5017, 5016, 5017, 5015, 5018, 5015, 5015, 5017, 6405, 5017, 5018, 5016, 5016, 5907, 5016, 5018, 6168)),NA,NA,15,46,36,218,NA,NA,NA,NA,6,2,16715,3800,NA,4,212,71,65,8,63,137,NA,NA,NA,NA,8,NA,0,21,NA,NA,NA,NA,NA,2262,NA,TRUE,1,0,3,0,NA
"temp",3394095204,22,1,10,0,1,TRUE,13,3,list(c(5015, 5017, 5015, 5016, 5015)),NA,NA,0,0,0,0,NA,NA,NA,NA,1,13,1474,0,NA,4,44,182,11,212,63,0,NA,NA,NA,NA,1,NA,0,5,NA,NA,NA,NA,NA,0,NA,TRUE,1,0,0,0,NA
